tu,function,address,size
common/AnimCurve,evalStatic__FP15AnimCurveHeaderfPUs,0x1f2070,8
common/AnimCurve,animCurveEvaluate__FP15AnimCurveHeaderfPUs,0x1f2078,72
common/AnimCurve,binarySearch__H2Zt13AnimKeySmooth2ZUcZsZi_Pt13AnimCurveData1ZX01fPUs_i,0x1f25b8,336
common/AnimCurve,evaluateBetweenKeyframes__H2ZUcZs_Pt13AnimCurveData1Zt13AnimKeySmooth2ZX01ZX11fi_f,0x1f2708,480
common/AnimCurve,animCurveEval__H1Zt13AnimKeySmooth2ZUcZs_Pt13AnimCurveData1ZX01fPUs_f,0x1f28e8,860
common/AnimCurve,binarySearch__H2Zt13AnimKeyBroken2ZfZfZf_Pt13AnimCurveData1ZX01fPUs_i,0x1f3070,312
common/AnimCurve,evaluateBetweenKeyframes__H2ZfZf_Pt13AnimCurveData1Zt13AnimKeyBroken2ZX01ZX11fi_f,0x1f31a8,140
common/AnimCurve,animCurveEval__H1Zt13AnimKeyBroken2ZfZf_Pt13AnimCurveData1ZX01fPUs_f,0x1f3238,632
common/AnimCurve,binarySearch__H2Zt13AnimKeySmooth2ZfZfZf_Pt13AnimCurveData1ZX01fPUs_i,0x1f4898,328
common/AnimCurve,evaluateBetweenKeyframes__H2ZfZf_Pt13AnimCurveData1Zt13AnimKeySmooth2ZX01ZX11fi_f,0x1f49e0,180
common/AnimCurve,animCurveEval__H1Zt13AnimKeySmooth2ZfZf_Pt13AnimCurveData1ZX01fPUs_f,0x1f4a98,656
common/AnimCurve,__static_initialization_and_destruction_0,0x1f6070,236
common/AnimCurve,_GLOBAL_$I$linearChar,0x1f6160,32
common/CsColor,__static_initialization_and_destruction_0,0x22c438,48
common/CsColor,_GLOBAL_$I$__Q27CsColor4Data,0x22c468,32
common/CsPool,csActivate__6CsPool,0x1f75b8,148
common/CsPool,csHPActivate__6CsPool,0x1f7708,148
common/CsPool,__static_initialization_and_destruction_0,0x1f7858,72
common/CsPool,_GLOBAL_$I$_6CsPool$m_activeList,0x1f78a0,32
common/MemoryStack,__static_initialization_and_destruction_0,0x20f3c8,56
common/MemoryStack,_GLOBAL_$I$_11MemoryStack$global,0x20f400,32
common/MotionBlurAA,init__12MotionBlurAAiff,0x1ed788,1140
common/RigidBody,__9RigidBody,0x21ef08,40
common/ScreenPolys,clearSources__11ScreenPolysv,0x220510,12
common/SoundBank,__16SoundBankManager,0x1f6960,76
common/SoundBank,loadSoundBank__16SoundBankManagerPPvPci,0x1f69b0,392
common/SoundBank,findFirstAvailableBankSlot__16SoundBankManager,0x1f6b38,68
common/SoundBank,unloadAllSoundBanks__16SoundBankManager,0x1f7010,184
common/SoundBank,__11LoopManager,0x1f70c8,48
common/SoundBank,soundPlayCB__FUiUl,0x1f7288,16
common/TaskManager,__11TaskManager,0x221ef8,76
common/TaskManager,init__11TaskManagerUi,0x221f48,248
common/TaskManager,__static_initialization_and_destruction_0,0x222338,72
common/TaskManager,_GLOBAL_$I$_11TaskManager$global,0x222390,32
common/animation,animationAddBlend__FG11_animHandleP14_animBlendNodeiffsi,0x1ee548,444
common/animation,animationRemoveBlend__FG11_animHandleP14_animBlendNodef,0x1ee708,120
common/animation,animationGetHandle__FP11_animHandleUiUiUi,0x1ee900,316
common/animation,animationGetCurrentTime__FG11_animHandle,0x1eeb10,168
common/animation,animationStart__FG11_animHandleb,0x1eecc0,204
common/animation,animationGetCurrentFrame__FG11_animHandle,0x1eef48,80
common/animation,animationGetCurrentPercent__FG11_animHandle,0x1ef088,140
common/animation,animationPause__FG11_animHandle,0x1ef118,116
common/animation,animationResume__FG11_animHandle,0x1ef190,176
common/animation,animationSetToBeginning__FG11_animHandleb,0x1ef3c0,180
common/animation,animationSetToEnd__FG11_animHandleb,0x1ef478,180
common/animation,animationSetDirection__FG11_animHandleb,0x1ef530,280
common/animation,animationGetDirection__FG11_animHandle,0x1ef648,96
common/animation,animationGetLastFrame__FG11_animHandle,0x1ef6a8,92
common/animation,animationGetTotalRunFrames__FG11_animHandle,0x1ef7c0,108
common/animation,animationSetIterations__FG11_animHandleUs,0x1ef898,68
common/animation,animationUpdateHandle__FR11_animHandle,0x1efd40,632
common/animation,animationUpdateFromControlNode__FP16_animControlNodeP17_animCharInstance,0x1effb8,256
common/animation,animationUpdateActiveTree__FP9_hierheadP17_animCharInstance,0x1f00b8,156
common/animation,animationProcessActiveTree__FP9_hierheadP17_animCharInstance,0x1f0158,360
common/animation,animationProcessStaticBlend__FP14_animBlendNodeP17_animCharInstance,0x1f0770,740
common/animation,animationEvaluateFromNode__FP14_animBlendNodeP17_animCharInstancePP21_animationOutputBlock,0x1f0ec0,696
common/animation,animationEvaluateToNode__FP14_animBlendNodeP17_animCharInstancePP21_animationOutputBlock,0x1f1178,820
common/animation,animationAddToActiveTree__FG11_animHandle,0x1f1628,208
common/animation,animationManager__FP8_animmgr,0x1f1748,124
common/animation,animationRunGlobal__Fv,0x1f1820,96
common/animation,animationInitialize__FP10_animationP17_animCharInstancei,0x1f1880,240
common/animation,animationInitGlobal__Fv,0x1f1970,128
common/animation,animationSetGlobal__FP9_hierheadi,0x1f19f0,296
common/animation,animationInitTweakers__Fv,0x1f1b18,8
common/animation,__10AnimPlayerP17_animCharInstance,0x1f1b28,48
common/animation,UpdateAnimations__10AnimPlayer,0x1f1b58,320
common/animation,AddBlendToActiveList__10AnimPlayerP14_animBlendNode,0x1f1c98,424
common/animation,RemoveBlendFromActiveList__10AnimPlayerP14_animBlendNode,0x1f1e40,212
common/animation,IsBlendInActiveList__10AnimPlayerP14_animBlendNode,0x1f1f18,148
common/animation,GetMainTreeNode__10AnimPlayer,0x1f1fb0,8
common/animation,__static_initialization_and_destruction_0,0x1f1fc8,100
common/animation,_GLOBAL_$I$animationInitModifierBlends__FP17_animCharInstance,0x1f2030,32
common/fog,fogUpdate__Fi,0x1fbd90,728
common/font,fontInit__F10_vramAddrsi,0x1fc3d0,480
common/font,fontDmaFontData__Fv,0x1fc5b0,396
common/font,fontSetColorGifTag__Fi,0x1fc740,260
common/font,fontSetColor__Fiiiii,0x1fc8e8,60
common/font,fontSetDefaultColor__Fi,0x1fc9c8,40
common/font,fontSetSize__Fii,0x1fc9f0,80
common/font,fontSetDefaultSize__Fi,0x1fca60,100
common/font,fontSetSpacing__Fii,0x1fcb08,40
common/font,fontStringWidth__FiPc,0x1fcb30,292
common/font,fontSpritePrintCenteredXY__FiiiPc,0x1fcd30,152
common/font,fontSetCharSizesInSubPixels__Fiiiii,0x1fcf70,48
common/font,fontSpritePrint__FiPc,0x1fd068,452
common/font,fontBuildPrim__FicP6QwData,0x1fd230,552
common/font,fontInitPacket__FP6QwData10_vramAddrs,0x1fd458,364
common/font,fontSetTexId__FP9_hierhead,0x1fd5c8,136
common/hd,hdSaveColGrid__FP18_HierCollisionGrid,0x1fe048,32
common/hd,__static_initialization_and_destruction_0,0x1fe940,32
common/hd,_GLOBAL_$I$colGrid,0x1fe960,32
common/hier,hier__Fii,0x2029b0,1324
common/input,inputInit__Fv,0x20ad60,840
common/input,inputClearInputs__Fi,0x20b0a8,92
common/input,inputUpdate__Fv,0x20b108,608
common/input,inputUpdateState__Fii,0x20b368,1344
common/input,inputUseActuator__Fib,0x20bae8,24
common/input,inputAnyKey__Fi,0x20bb00,108
common/input,inputIsCtlAvailable__Fi,0x20bb70,24
common/input,inputGetPadButtons__Fi,0x20bb88,60
common/input,inputGetPadAnalog__Fi,0x20bbf8,168
common/input,inputSetInputMode__Fi,0x20bca0,80
common/input,inputGetPlayerPad__Fi,0x20bd50,24
common/input,inputGetInput__Fii,0x20be08,560
common/input,inputGetCtlPadAnalogAxis__Fii,0x20c1b8,192
common/input,inputGetShellAnalogInput__Fii,0x20c278,276
common/input,inputFixAnalogValue__Fii,0x20c390,472
common/mathf,mathfMulVec__FPA3_fP8_fvectorT1,0x20c6c0,68
common/mathf,mathfMulMatrix__FPA3_fN20,0x20c7c0,120
common/mathf,mathfMulMatrix3x3__FPA3_fN20,0x20c8c0,88
common/mathf,mathfMulMatrixTP3x3__FPA3_fN20,0x20c918,184
common/mathf,mathfTransposeMatrix__FPA3_fT0,0x20cc48,84
common/mathf,mathfUnitMatrix__FPA3_f,0x20d350,48
common/mathf,mathfRotMatrixRPH__FPA3_fP8_fvector,0x20d380,60
common/mathf,mathfRotMatrixPRH__FPA3_fP8_fvector,0x20d3c0,300
common/mathf,mathfViewScreenMatrix__FPA3_fN20fffffffffff,0x20d598,508
common/mathf,__static_initialization_and_destruction_0,0x20f130,48
common/mathf,_GLOBAL_$I$gRand,0x20f160,32
common/movies,Play__6CMoviebPc,0x210090,720
common/movies,Update__6CMovieb,0x210408,960
common/movies,moviesReadyScreenObject__FP11_hierobjectii,0x2107c8,60
common/movies,moviesSetScreenObject__Fv,0x210808,116
common/movies,isAudioOK__6CMovie,0x2108d0,48
common/particle,particleGetLensFlareInfo__FPP17HierLensFlareListPii,0x214ea0,76
common/particle,particleSetLensFlareNumEntries__Fii,0x214ef0,28
common/particle,particleKillFx__FRi,0x21aaa8,72
common/plight,plightUpdateParaLights__Fv,0x21cc10,632
common/plight,pLightCompSpecular__Fi,0x21ce88,304
common/ps,psBlockerInit__Fv,0x208f38,296
common/ps,psFindActiveBlockers__FP8_fvectori,0x2090a0,668
common/ps,psInitBlockerDMA__Fv,0x209340,32
common/ps,psEndBlkDma__Fv,0x209578,40
common/ps,psSetLightDir__FP8_fvector,0x2096c0,164
common/ps,psGetLightDir__Fv,0x209768,12
common/ps,psIsBlockerCsActive__Fi,0x209778,60
common/ps,psSetCurrentBuffer__Fi,0x209890,8
common/ps,psInitFilterTexPkt__Fv,0x2098a0,548
common/ps,psDrawFilterSprite__FP6QwDataiiiiiiiii,0x209ac8,244
common/ps,psInitBorderPkt__Fv,0x209bc0,224
common/ps,psDrawBorderSprite__FP6QwDataiiii,0x209ca0,136
common/ps,psVarInit__Fv,0x209d28,56
common/resetcom,__8resetcom11CREATOR_KEY,0x21e4f8,32
common/resetcom,readKey__8resetcomPc,0x21e780,352
common/resetcom,read__8resetcomPc,0x21e8e0,472
common/resetcom,init__8resetcom,0x21eac0,8
common/resetcom,update__8resetcom,0x21eac8,240
common/resetcom,getFileAndPathname__8resetcomi,0x21ebb8,368
common/resetcom,forceRead__8resetcom,0x21eda0,28
common/resetcom,forceRead__8resetcomi,0x21edc0,40
common/resetcom,setFileName__8resetcomPcb,0x21ee40,136
common/smooth,smoothEasyIn__Fffff,0x221438,140
common/texm,texmInit__F10_vramAddrs,0x2052a0,184
common/texm,texmResInit__F10_vramAddrsP6QwData,0x205358,176
common/texm,texmLoadResTexture__FP6QwData,0x205408,792
common/texm,texmLoadTexture__FP6QwData,0x205720,688
common/texm,texmSetupTexture__FiiiiiP6QwDataii,0x2059d0,300
common/texm,texmAllocateBinSpace__FP8_texbins,0x2060c0,1076
common/texm,texmAlreadyGotBin__FP8_texbinsUiPUs,0x2064f8,52
common/texm,texmFindNextLargestTexSize__FP8_texbinsUiPUs,0x206530,72
common/texm,texmRelocate__FPc,0x2065b0,552
common/texm,texmResCheckForData__FPc,0x2067d8,40
common/texm,texmResRelocate__FPc10_vramAddrs,0x206800,1128
common/texm,hierCsUpdateAsm,0x207068,304
common/texm,hierTraverseAsm,0x207198,4584
common/texm,hierCacheForAsm,0x208380,56
common/texm,hierCacheWorldMatsAsm,0x2083b8,88
common/texm,pktAddVu1ObjAsm,0x208410,1356
common/tod,todCalculateValue__Fiff,0x2238f0,112
common/tod,todInit__Fv,0x223960,1068
common/tod,todUpdate__Fi,0x223d98,3212
common/tod,todActive__Fv,0x224a28,8
common/tod,todSetTOD__FifPvf,0x224c60,1576
common/tod,todGetCurrentTOD__Fv,0x225288,44
common/tod,todGetAmbient__FPfN20,0x2252b8,40
common/tod,__12CTODLinkList,0x2254e8,144
common/tod,ClearNode__12CTODLinkListP9_LinkNode,0x225668,28
common/tod,__static_initialization_and_destruction_0,0x225688,64
common/tod,_GLOBAL_$I$todLink,0x2256c8,32
common/vi,setD4_CHCR__FUi,0x226428,108
common/vi,scTag2__FP5QWORDPvUiUi,0x226498,36
common/vi,viBufCreate__FP5ViBufPUxT1iP9TimeStampi,0x2264c0,120
common/vi,viBufReset__FP5ViBuf,0x226538,352
common/vi,viBufBeginPut__FP5ViBufPPUcPiT1T2,0x226698,244
common/vi,viBufEndPut__FP5ViBufi,0x226790,84
common/vi,viBufModifyPts__FP5ViBufP9TimeStamp,0x226f70,344
common/vi,viBufPutTs__FP5ViBufP9TimeStamp,0x2270c8,272
common/view,viewCreate__F10_viewportsi,0x227bd8,564
common/view,viewUpdate__Fi,0x227e10,1408
common/view,viewShadowUpdate__Fi,0x2284e8,240
common/view,viewStoreNorms1InVu0__Fv,0x2285d8,28
common/view,viewStoreNorms2InVu0__Fv,0x2285f8,28
common/view,viewSetTOD__FifPvf,0x228660,28
common/view,viewGetMat__Fi,0x2286a0,32
common/view,viewGetTrans__Fi,0x2286c0,32
common/view,viewSetRot__FPA3_A3_fi,0x228738,64
common/view,viewSetTrans__FP8_fvectori,0x228778,60
common/view,viewGetCurView__Fv,0x2287b8,8
common/view,viewGetViewCs__Fi,0x2287c0,28
common/view,viewSetWorldEpNode__FP9_hierhead,0x2287f8,52
common/view,viewSetSkyTrans__FP8_fvectori,0x2289a8,160
common/view,viewSetVUPacketMat__FPA3_fN30i,0x228b00,684
common/view,viewApplySwap__FPA3_fT0,0x228db0,148
common/view,viewSetBgColor__FUlUlUlUl,0x228e48,224
common/view,viewGetBgColor__FRiN30,0x229008,44
common/view,viewGetDb__Fi,0x229038,24
common/view,viewGetNumViews__Fv,0x229050,24
common/view,viewSetNumViews__Fi,0x229068,8
common/view,viewGetCenter__FiPiT1,0x229070,52
common/view,viewGetWH__FiPiT1,0x2290a8,52
common/view,viewInit__Fv,0x229120,100
common/view,viewSetAmbient__Ffff,0x2291f8,152
common/view,viewGetAnimAmbient__FPfN20,0x2292b8,44
common/view,viewSetFov__Fiff,0x229328,980
common/view,viewComputeNormal__FP8_fvectorN30,0x229700,136
common/view,viewGetDef__Fi,0x2299d8,28
game/ActionDispatch,__static_initialization_and_destruction_0,0x1011d0,48
game/ActionDispatch,_GLOBAL_$I$moviePlaying,0x101280,32
game/Ai,__2AiR7MonsterR7GamePad,0x101400,108
game/AiNavigator,__Q211AiNavigator14ObstacleSensorR11AiNavigator,0x116e00,64
game/AiPadClips,__static_initialization_and_destruction_0,0x1062e0,536
game/AiPadClips,_GLOBAL_$I$getTaunt__10AiPadClipsv,0x1064f8,32
game/AiPathFinder,__12AiPathFinderR9AiPathNetR7Monster,0x106c88,92
game/AiPathTool,__static_initialization_and_destruction_0,0x107960,80
game/AiPathTool,_GLOBAL_$I$_10AiPathTool$instance,0x107a20,32
game/AiReset,__7AiReset,0x10dc08,68
game/AiTweaks,__static_initialization_and_destruction_0,0x113ce8,48
game/AiTweaks,_GLOBAL_$I$setActiveAi__8AiTweaksP2Aib,0x113d18,32
game/Cameras,Init__7Cameras,0x11b9b8,444
game/Cameras,SetCameraPOV__7CamerasiQ26Camera9CameraPOV,0x11bc50,596
game/Cameras,AlignCsWithView__7CamerasiP3_csfff,0x11bfa8,196
game/Debris,__static_initialization_and_destruction_0,0x1301b0,144
game/Debris,_GLOBAL_$I$InitBefore__6Debris,0x130260,32
game/DodgeBallLevel,__static_initialization_and_destruction_0,0x12f148,76
game/DodgeBallLevel,_GLOBAL_$I$_14DodgeBallLevel$instance,0x12f198,32
game/FinalBoss,__static_initialization_and_destruction_0,0x134228,204
game/FinalBoss,_GLOBAL_$I$finalBoss,0x1343c8,32
game/GlobalReset,__11GlobalReset,0x13a628,84
game/Grapple,__12StateGrapple,0x13b410,244
game/Grapple,__13StateGrappled,0x13be18,172
game/GrappleOHAttack,__20StateGrappleOHAttack,0x13cd38,152
game/GrappleOHAttack,__19StateMonkeyOHAttack,0x13d388,168
game/GrappleThrow,__16StateGrappleLift,0x13dd00,84
game/GrappleThrow,__17StateGrappleThrow,0x13e188,112
game/GrappleThrow,__18StateGrappleThrow1,0x13e4f0,112
game/HomingBug,__9HomingBug,0x141840,92
game/HomingBug,__static_initialization_and_destruction_0,0x142eb8,100
game/HomingBug,_GLOBAL_$I$_9HomingBug$s_numBugs,0x143018,32
game/Hud,parseHudElements__3HudP9_hierhead,0x1444a0,512
game/Hud,__static_initialization_and_destruction_0,0x147118,40
game/Hud,_GLOBAL_$I$gLowStaminaThreshold,0x147140,32
game/McFile,__9McMessage,0x147b68,60
game/McFile,updateAsync__9McMessageR7McState,0x147be8,60
game/McFile,__19McListRootDirectory,0x1480e0,28
game/McFile,updateAsync__19McListRootDirectoryR7McState,0x148200,300
game/McFile,findFile__19McListRootDirectoryPc,0x148330,124
game/McFile,__15McDoesFileExist,0x1483b0,32
game/McFile,updateAsync__15McDoesFileExistR7McState,0x148438,152
game/McFile,updateAsync__13McUpdateStateR7McState,0x148588,232
game/McFile,__6McSync,0x1498c0,40
game/McFile,clear__6McSync,0x1498e8,12
game/McFile,addTask__6McSyncP6McTask,0x1498f8,32
game/McFile,sync__6McSyncR7McState,0x149918,604
game/McFile,__static_initialization_and_destruction_0,0x149b78,48
game/McFile,getCardNum__7McState,0x149ba8,8
game/McFile,clear__6McTask,0x149bb0,8
game/McFile,updateIdle__6McTaskR7McState,0x149bb8,8
game/McFile,updateIdle__9McMessageR7McState,0x149c80,40
game/McFile,_GLOBAL_$I$g_numCharsInTitleBeforeLineBreak,0x149fa0,32
game/McPage,initButton__9McButtonsP9_hierhead,0x149ff0,204
game/McPage,startFrame__9McButtonsv,0x14a0c0,100
game/McPage,drawButtonsForString__9McButtonsPciib,0x14a1b0,888
game/McPage,init__7McStatei,0x14a528,84
game/McPage,setPlayer__7McStateib,0x14a580,84
game/McPage,__6McPage,0x14a5e8,112
game/McPage,getString__6McPagei,0x14a658,24
game/McPage,makeCurrentFont__Q26McPage8FontInfoi,0x14a670,88
game/McPage,printStringCentered__6McPageiiRQ26McPage9MenuItemsbN54,0x14a7b8,240
game/McPage,onEnter__6McPage,0x14a8a8,8
game/McPage,reset__6McPage,0x14a8b0,12
game/McPage,stateIsOk__6McPageR7McState,0x14a8c0,8
game/McPage,addString__6McPageibN42,0x14ad20,132
game/McPage,clearStrings__6McPage,0x14ae30,116
game/McPage,replaceMessage__6McPageii,0x14aea8,44
game/McPage,drawMenu__6McPage,0x14aed8,284
game/McPage,setupShellFont__6McPage,0x14aff8,548
game/McPage,onEnter__9McPageMgr,0x14b240,112
game/McPage,onExit__9McPageMgr,0x14b2b0,152
game/McPage,exitMgr__9McPageMgr,0x14b348,16
game/McPage,globalInit__9McPageMgr,0x14b358,8
game/McPage,initButton__9McPageMgrP9_hierhead,0x14b360,28
game/McPage,update__9McPageMgr,0x14b380,516
game/McPage,doStateUpdate__9McPageMgr,0x14b588,304
game/McPage,addPage__9McPageMgrP6McPage,0x14b7a0,112
game/McPage,getCurPage__9McPageMgr,0x14b810,48
game/McPage,nextPage__9McPageMgr,0x14b870,136
game/McPage,setStackIdx__9McPageMgrib,0x14b9f8,144
game/McPage,init__12McBackground,0x14ba88,304
game/McPage,onExit__12McBackground,0x14bbb8,148
game/McPage,setDestDims__12McBackgroundfff,0x14bc50,16
game/McPage,update__12McBackground,0x14bc60,996
game/McPage,updatewithTextBox__12McBackgroundf,0x14c048,540
game/McPage,init__9McTextBox,0x14c268,28
game/McPage,update__9McTextBox,0x14c288,840
game/McPage,addTextString__9McTextBoxPciibPQ26McPage8FontInfo,0x14c5d0,284
game/McPage,__Q29McPageMgr5Input,0x14c6f8,88
game/McPage,update__Q29McPageMgr5Input,0x14c750,312
game/McPage,clear__Q29McPageMgr5Input,0x14c888,112
game/McPage,__static_initialization_and_destruction_0,0x14c8f8,104
game/McPage,shouldMonitorCard__6McPage,0x14c9c0,8
game/McPage,shellBackgroundIsVisible__6McPage,0x14c9d8,8
game/McPage,_GLOBAL_$I$_9McPageMgr$global,0x14ca10,32
game/MonsterAnimBlend,__9AnimBlend14AnimBlendTypesi,0x163ee8,44
game/MonsterAnimBlend,init__9AnimBlendR11_animHandle,0x163f18,132
game/MonsterAnimBlend,rampIn__9AnimBlendf,0x163fa0,156
game/MonsterAnimBlend,rampOut__9AnimBlendf,0x164040,204
game/MonsterAnimBlend,updateRampOut__9AnimBlend,0x1643c8,132
game/MonsterAnimBlend,setPercent__9AnimBlendf,0x164500,140
game/MonsterAnimBlend,setSpeed__9AnimBlendf,0x164590,44
game/MonsterAnimBlend,__static_initialization_and_destruction_0,0x164670,164
game/MonsterAnimBlend,_GLOBAL_$I$_13AnimBlendPool$s_pool,0x164758,32
game/MonsterDynamics,__15MonsterDynamicsR7Monster,0x164778,276
game/MonsterMc,__9MonsterMc,0x1676c8,56
game/MonsterMc,stdInit__9MonsterMc,0x167ad8,184
game/MonsterMc,stdExit__9MonsterMc,0x167b90,48
game/MonsterMc,updateBootLoad__9MonsterMc,0x167bc0,696
game/MonsterMc,onEnter__10McBootPage,0x168db8,12
game/MonsterMc,update__10McBootPageR7McState,0x168dc8,692
game/MonsterMc,stateIsOk__10McBootPageR7McState,0x169080,8
game/MonsterMc,update__20McCheckForSweetToothR7McState,0x1690c8,560
game/MonsterMc,reset__20McCheckForSweetTooth,0x1692f8,8
game/MonsterMc,__14McSaveSettings,0x169320,76
game/MonsterMc,update__14McLoadSettingsR7McState,0x169a20,428
game/MonsterMc,__15McLoadGameBoxes,0x16a908,52
game/MonsterMc,__12McSelectReel,0x16ab68,68
game/MonsterMc,__static_initialization_and_destruction_0,0x16c578,564
game/MonsterMc,stateIsOk__14McLoadSettingsR7McState,0x16c9d8,8
game/MonsterMc,_GLOBAL_$I$_9MonsterMc$global,0x16d1e8,32
game/MonsterStates,__12MonsterStateQ212MonsterState2IdUi,0x14f058,36
game/MonsterStates,__11AttackStateQ212MonsterState2IdUi,0x14f198,64
game/MonsterStates,__9StateIdle,0x14f260,84
game/MonsterStates,__13StateBatSwipe,0x14f980,608
game/MonsterStates,__10StateBlock,0x1511e0,124
game/MonsterStates,__10StateCatch,0x151690,140
game/MonsterStates,__12StateCounter,0x151f80,160
game/MonsterStates,__14StateCountered,0x152688,84
game/MonsterStates,__10StateDeath,0x152810,72
game/MonsterStates,__14StateGunAttack,0x153448,96
game/MonsterStates,__16StateGetupAttack,0x1536d8,200
game/MonsterStates,__12StateImpaled,0x1540f0,116
game/MonsterStates,__12StateJavelin,0x1546d0,84
game/MonsterStates,__10StatePunch,0x154920,668
game/MonsterStates,__11StatePickUp,0x1560f8,208
game/MonsterStates,__11StateRecoil,0x1567a0,156
game/MonsterStates,__12StateStunned,0x157138,116
game/MonsterStates,__10StateTaunt,0x157808,72
game/MonsterStates,__10StateThrow,0x157ad0,140
game/MonsterStates,__19StateTwoHandedThrow,0x157e38,132
game/MonsterStates,__12StateShocked,0x1582b8,108
game/MonsterStates,__16StateStompAttack,0x1585b8,192
game/MonsterStates,__16StateTazerAttack,0x158cc8,104
game/MonsterStates,__17StateShieldAttack,0x159068,208
game/MonsterStates,__12StateVictory,0x159a00,60
game/MonsterStates,__15StateBigTakeHit,0x159ea8,60
game/MonsterTweaks,__static_initialization_and_destruction_0,0x16e108,48
game/MonsterTweaks,_GLOBAL_$I$init__13MonsterTweaks,0x16e138,32
game/MovementStates,__13StateButtSlam,0x16e158,476
game/MovementStates,__10StateClimb,0x16ef28,184
game/MovementStates,__9StateDash,0x1704e8,160
game/MovementStates,__8StateFly,0x1710d8,728
game/MovementStates,__9StateJump,0x1732a8,464
game/MovementStates,__14StateRamAttack,0x174620,256
game/MovementStates,__8StateRun,0x1754a0,132
game/PadFlags,__8PadFlags,0x177680,268
game/PathTool,__static_initialization_and_destruction_0,0x17f2f0,80
game/PathTool,_GLOBAL_$I$_8PathTool$instance,0x17f3b0,32
game/Pickup,__static_initialization_and_destruction_0,0x183128,168
game/Pickup,_GLOBAL_$I$__6Pickup,0x1833a8,32
game/PowerUpTool,__static_initialization_and_destruction_0,0x188250,40
game/PowerUpTool,_GLOBAL_$I$_11PowerUpTool$instance,0x1882e0,32
game/RigidPickup,__static_initialization_and_destruction_0,0x18d190,48
game/RigidPickup,_GLOBAL_$I$init__11RigidPickupP9_hierheadR8_fvectorPA3_fb11ePickupType,0x18d358,32
game/Shell,__5Shell,0x1a77e0,264
game/Shell,ResolveCommandLineArguments__FiPPc,0x1a8e80,372
game/Shell,InitGS__5Shells,0x1a8ff8,52
game/Shell,LoadUserintTexture__5Shell,0x1a9030,192
game/Shell,LoadUserintDB__5Shell,0x1a91b0,60
game/Shell,AddEpNode__5ShelliP9_hierhead,0x1aa090,2236
game/Shell,getVramAddr__5Shell,0x1aab88,92
game/Shell,SetMenuItemFlag__5Shelliii,0x1aac08,324
game/Shell,EnableMonsterSelection__5Shelli,0x1aad50,80
game/Shell,init__7TagList,0x1ab118,140
game/Shell,InitialMemCardScreen__5Shell,0x1abac8,384
game/Shell,__3Hud,0x1abc48,128
game/Shell,__7TheGame,0x1abcc8,1396
game/Shell,__static_initialization_and_destruction_0,0x1ac240,136
game/Shell,__7TagList,0x1ac2c8,212
game/Shell,_GLOBAL_$I$g_noScripts,0x1ac3a0,32
game/ShellRtLoop,endField__11ShellRtLoopb,0x1b0458,616
game/ShockWave,__static_initialization_and_destruction_0,0x1b1788,116
game/ShockWave,_GLOBAL_$I$Init__9ShockWave,0x1b1820,32
game/Sound,__12SoundManager,0x1b1840,104
game/Sound,doOneTimeInit__12SoundManager,0x1b1aa8,128
game/Sound,loadShellSoundBanks__12SoundManager,0x1b2b68,184
game/Sound,__10ShellSound,0x1b64e8,24
game/Sound,updateShellSound__10ShellSound,0x1b6520,164
game/Sound,__12MonsterSound,0x1b7828,28
game/Sound,__static_initialization_and_destruction_0,0x1c1758,48
game/Sound,_GLOBAL_$I$gIntroMoviesHavePlayed,0x1c1788,32
game/SpecFxAnim,__10SpecFxAnim,0x1ce5b0,60
game/SpecFxAnim,__static_initialization_and_destruction_0,0x1ce9a8,100
game/SpecFxAnim,_GLOBAL_$I$_10SpecFxAnim$s_numFxs,0x1cea10,32
game/SpecialStates,__14StateAirStrike,0x1c4a38,200
game/SpecialStates,__14StateBugAttack,0x1c5910,140
game/SpecialStates,__17StateCrowdControl,0x1c5de0,428
game/SpecialStates,__15StateFireBreath,0x1c6a60,196
game/SpecialStates,__16StateGrappleHook,0x1c6e50,296
game/SpecialStates,__14StateLavaBlast,0x1c7e20,292
game/SpecialStates,__17StateRobotSpecial,0x1c88e0,612
game/SpecialStates,__16StateRockSpecial,0x1c96b0,512
game/SpecialStates,__14StateSonicRoar,0x1c9f70,272
game/SpecialStates,__14StateZapAttack,0x1cad60,188
game/SpecialStates,__12StateTopSpin,0x1cc288,176
game/SpecialStates,__16StateCannonHands,0x1ccc00,208
game/SpecialStates,__15StateUltraTazer,0x1cd600,116
game/StartPointTool,__static_initialization_and_destruction_0,0x1ced60,40
game/StartPointTool,_GLOBAL_$I$_14StartPointTool$instance,0x1cedf0,32
game/StateThrowBack,__14StateThrowBackQ212MonsterState2IdUi,0x1d3248,412
game/StateThrowBack,__17StateBeingSlammed,0x1d60c8,64
game/StateThrowBack,__16StateBeingThrown,0x1d6138,64
game/StateThrowBack,__14StateKnockBack,0x1d61b8,60
game/StateThrowBack,__17StateGrappleBreak,0x1d6238,64
game/StickShaker,__static_initialization_and_destruction_0,0x1cf398,116
game/StickShaker,_GLOBAL_$I$DefaultSetup__11StickShakerRt13ExpandingRing1Z17StickShakerConfig,0x1cf430,32
game/StreamingSoundManager,__21StreamingSoundManager,0x1c17a8,300
game/StreamingSoundManager,__21GenericStreamingSound,0x1c4278,32
game/TheGame,SetVibration__7TheGameib,0x139e00,112
game/TheGame,__static_initialization_and_destruction_0,0x139f00,116
game/TheGame,_GLOBAL_$I$resetObj,0x139fe0,32
game/Weapon,__Q26Weapon8Dynamics,0x1e0688,64
game/airport,__static_initialization_and_destruction_0,0x1197b0,56
game/airport,_GLOBAL_$I$airportInitBefore__Fv,0x1198d0,32
game/canyon2,__static_initialization_and_destruction_0,0x1224e8,96
game/canyon2,_GLOBAL_$I$canyon2LevelProgression,0x122548,32
game/charreset,__9charreset11CREATOR_KEY,0x122a80,64
game/island,__static_initialization_and_destruction_0,0x147b18,48
game/island,_GLOBAL_$I$islandInitBefore__Fv,0x147b48,32
game/reset,__5reset11CREATOR_KEY,0x189030,60
game/reset,readKey__5resetPc,0x1891a0,316
game/sanfran,__static_initialization_and_destruction_0,0x18daa0,40
game/sanfran,_GLOBAL_$I$sanFranInitBefore__Fv,0x18dac8,32
game/screen,initSelectSwitches__Fv,0x18ed58,392
game/screen,screenMemoryCardInit__Fv,0x19e588,268
game/screen,screenTransition__Fb,0x19e698,2488
game/screen,screenWaitForStart__Fv,0x1a5568,428
game/screen,changeScreen__Fiiiib,0x1a5718,392
game/screen,screenPrepareDefault__Fii,0x1a5ad0,300
game/screen,screenWriteInstructions__Fif,0x1a5c00,668
game/screen,screenSetButtonAlpha__Fv,0x1a5ec8,188
game/screen,showButtons__Fi,0x1a5f88,432
game/screen,killButtons__Fv,0x1a6138,112
game/screen,__static_initialization_and_destruction_0,0x1a6668,48
game/screen,_GLOBAL_$I$NamecardDistance,0x1a6698,32
game/threemile,__9PlantBoss,0x1d3020,284
game/threemile,__static_initialization_and_destruction_0,0x1d3140,92
game/threemile,_GLOBAL_$I$plantBoss,0x1d3228,32
game/tokyo,__static_initialization_and_destruction_0,0x1d7390,76
game/tokyo,_GLOBAL_$I$tidalWaveAnim,0x1d74b8,32
game/ui,uiMain__Fi,0x1d93d8,1168
game/ui,userintMain__Fv,0x1d9868,1872
game/ui,uiFadeScreen__FUi,0x1da018,356
game/ui,uiInitScreens__FP3_cs,0x1da180,580
game/ui,playMovie__Fv,0x1da4b8,1000
game/ui,letterboxDmaData__Ff,0x1daa60,472
game/ui,__static_initialization_and_destruction_0,0x1dae40,168
game/ui,_GLOBAL_$I$myMovie,0x1daee8,32
game/uidev,__static_initialization_and_destruction_0,0x1dd2e0,160
game/uidev,_GLOBAL_$I$devScreen,0x1dd768,32
gcc/cp/new,__vn__FUiPv,0x1e6080,8
gcc/cp/new,__nw__FUiPv,0x1e6088,8
gcc/dp-bit,__pack_d,0x1e77d8,300
gcc/dp-bit,__make_dp,0x1e8448,44
gcc/fp-bit,__unpack_f,0x1e55a0,144
gcc/fp-bit,fptoui,0x1e5f30,152
gcc/fp-bit,fptodp,0x1e6030,64
gcc/libgcc2/do_global_dtors,__main,0x1e5468,32
lib989snd/snd,snd_StartSoundSystem,0x1eaa38,576
lib989snd/snd,snd_FlushSoundCommands,0x1eac78,560
lib989snd/snd,snd_GotReturns,0x1eaf30,100
lib989snd/snd,snd_PrepareReturnBuffer,0x1eaf98,36
lib989snd/snd,snd_BankLoadByLoc,0x1eb1d8,312
lib989snd/snd,snd_ResolveBankXREFS,0x1eb8b8,44
lib989snd/snd,snd_SetMasterVolume,0x1eb9a8,52
lib989snd/snd,snd_SetGroupVoiceRange,0x1ebb28,60
lib989snd/snd,snd_PlaySoundVolPanPMPB_CB,0x1ebc80,72
lib989snd/snd,snd_StopAllSounds,0x1ebeb8,44
lib989snd/snd,snd_SendIOPCommandAndWait,0x1ec4e0,416
lib989snd/snd,snd_SendIOPCommandNoWait,0x1ec680,724
lib989snd/snd,snd_PostMessage,0x1ec958,64
lib989snd/snd,snd_SendCurrentBatch,0x1ec998,316
lib989snd/snd,snd_StreamSafeCdRead,0x1ed000,188
lib989snd/snd,snd_StreamSafeCdSync,0x1ed0c0,172
lib989snd/snd,snd_StreamSafeCdGetError,0x1ed1b8,52
lib989snd/snd,snd_SetReverbType,0x1ed228,52
lib989snd/snd,snd_InitMovieSound,0x1ed550,52
newlib/libc/machine/r5900/memcmp,sn_reg_frame,0x250ffc,20
newlib/libc/machine/r5900/memcpy,memcpy,0x23f778,176
newlib/libc/machine/r5900/memset,memset,0x23f828,192
newlib/libc/machine/r5900/strcat,strcat,0x23fed0,300
newlib/libc/machine/r5900/strchr,strchr,0x23fffc,400
newlib/libc/machine/r5900/strcmp,strcmp,0x24018c,324
newlib/libc/machine/r5900/strcpy,strcpy,0x2402d0,276
newlib/libc/machine/r5900/strlen,strlen,0x2403e4,312
newlib/libc/machine/r5900/strncat,strncat,0x240520,428
newlib/libc/machine/r5900/strncmp,strncmp,0x2406d0,440
newlib/libc/stdio/printf,printf,0x23f938,80
newlib/libc/stdio/sprintf,sprintf,0x23fe60,112
newlib/libc/stdlib/malloc,malloc,0x23ed70,40
newlib/libc/stdlib/malloc,free,0x23ed98,16
newlib/libm/math/ef_rem_pio2,__ieee754_rem_pio2f,0x22f3d0,992
newlib/libm/math/kf_cos,__kernel_cosf,0x22f8e8,344
newlib/libm/math/kf_sin,__kernel_sinf,0x230390,260
newlib/libm/math/sf_atan,atanf,0x22d140,680
newlib/libm/math/sf_cos,cosf,0x22d4c0,232
newlib/libm/math/sf_fabs,fabsf,0x22d5a8,28
newlib/libm/math/sf_sin,sinf,0x22d5c8,240
sce/libcdvd/eecdvd,sceCdSync,0x23db10,160
sce/libcdvd/eecdvd,sceCdInit,0x23dd90,736
sce/libcdvd/eecdvd,sceCdDiskReady,0x23e070,504
sce/libcdvd/eecdvd,sceCdMmode,0x23e268,196
sce/libcdvd/eecdvd_sceCdGetError,sceCdGetError,0x23e540,152
sce/libcdvd/eecdvd_sceCdGetReadPos,sceCdGetReadPos,0x23e330,48
sce/libcdvd/eecdvd_sceCdRead,sceCdRead,0x23e360,480
sce/libgraph/graphdev,sceGsResetGraph,0x230d50,400
sce/libgraph/graphdev_sceGsExecLoadImage,sceGsExecLoadImage,0x231810,380
sce/libgraph/graphdev_sceGsSetDefClear,sceGsSetDefClear,0x231348,260
sce/libgraph/graphdev_sceGsSetDefDispEnv,sceGsSetDefDispEnv,0x230ef0,624
sce/libgraph/graphdev_sceGsSetDefDrawEnv,sceGsSetDefDrawEnv,0x231160,484
sce/libgraph/graphdev_sceGsSetDefDrawEnv2,sceGsSetDefDrawEnv2,0x232148,480
sce/libgraph/graphdev_sceGsSetDefLoadImage,sceGsSetDefLoadImage,0x2314e8,484
sce/libgraph/graphdev_sceGsSetHalfOffset,sceGsSetHalfOffset,0x2320c0,136
sce/libgraph/graphdev_sceGsSetHalfOffset2,sceGsSetHalfOffset2,0x232328,136
sce/libgraph/graphdev_sceGsSyncV,sceGsSyncV,0x231450,148
sce/libgraph/graphdev_sceGsSyncVCallback,sceGsSyncVCallback,0x232020,160
sce/libgraph/vu,sceGsResetPath,0x230c20,160
sce/libgraph/vu,sceGsSyncPath,0x230cc0,140
sce/libkernl/diei,DIntr,0x24e4c0,72
sce/libkernl/diei,EIntr,0x24e508,24
sce/libkernl/eeloadfile,sceSifLoadModule,0x24deb0,32
sce/libkernl/filestub,sceFsReset,0x24a3d8,52
sce/libkernl/initsys,supplement_crt0,0x24e520,72
sce/libkernl/initsys,FindAddress,0x24e5a0,16
sce/libkernl/initsys,GetSystemCallTableEntry,0x24e5b0,60
sce/libkernl/initsys,setup,0x24e5f0,16
sce/libkernl/initsys,_InitSys,0x24e620,60
sce/libkernl/intr,DisableDmac,0x246fe8,104
sce/libkernl/intr,EnableDmac,0x247050,104
sce/libkernl/intr,InitAlarm,0x2471a0,212
sce/libkernl/iopreset,sceSifSyncIop,0x24e378,56
sce/libkernl/iopreset,sceSifRebootIop,0x24e3b0,272
sce/libkernl/klib,AddDmacHandler,0x2461f0,16
sce/libkernl/klib,CreateThread,0x2462e0,16
sce/libkernl/klib,StartThread,0x246300,16
sce/libkernl/klib,RotateThreadReadyQueue,0x246390,16
sce/libkernl/klib,CreateSema,0x2464e0,16
sce/libkernl/klib,SignalSema,0x246500,16
sce/libkernl/klib,WaitSema,0x246520,16
sce/libkernl/klib,SetOsdConfigParam,0x246580,16
sce/libkernl/klib,GetOsdConfigParam,0x246590,16
sce/libkernl/klib,FlushCache,0x246760,16
sce/libkernl/libosd,PatchIsNeeded,0x24e6c8,104
sce/libkernl/libosd,InitExecPS2,0x24e730,172
sce/libkernl/sifrpc,sceSifInitRpc,0x248bb8,412
sce/libkernl/sifrpc,sceSifBindRpc,0x249228,320
sce/libkernl/sifrpc,sceSifCallRpc,0x2493f8,492
sce/libkernl/sifrpc,sceSifCheckStatRpc,0x2495e8,60
sce/libkernl/thread,InitThread,0x247350,212
sce/libkernl/tlbfunc,Copy,0x24ebb8,16
sce/libkernl/tlbfunc,GetEntryAddress,0x24ec00,16
sce/libkernl/tlbfunc,setup,0x24ec10,16
sce/libmc/libmc,sceMcInit,0x233820,436
sce/libmc/libmc,sceMcSync,0x234220,224
sce/libmc/libmc,sceMcGetInfo,0x234358,388
sce/libmc/libmc,sceMcGetDir,0x2344e0,344
sce/libmpeg/mpeg,sceMpegInit,0x235de0,156
sce/libmpeg/mpeg,sceMpegCreate,0x235e80,500
sce/libmpeg/mpeg,sceMpegGetPicture,0x2360a8,72
sce/libmpeg/mpeg,sceMpegIsEnd,0x2361c0,12
sce/libmpeg/mpeg,sceMpegAddCallback,0x236288,36
sce/libmpeg/pack,sceMpegDemuxPssRing,0x235260,760
sce/libmpeg/pack,sceMpegAddStrCallback,0x235578,244
sce/libpad/libpad,scePadInit,0x2325a8,320
sce/libpad/libpad,scePadPortOpen,0x232808,484
sce/libpad/libpad,scePadRead,0x232b58,124
sce/libpad/libpad,scePadGetState,0x232bd8,120
sce/libpad/libpad,scePadGetReqState,0x232cf0,80
sce/libpad/libpad,scePadInfoAct,0x232d78,288
sce/libpad/libpad,scePadInfoMode,0x232fb8,312
sce/libpad/libpad,scePadSetMainMode,0x2330f0,180
sce/libpad/libpad,scePadSetActAlign,0x233260,216
sce/libpad/libpad,scePadInfoPressMode,0x2334a0,92
sce/libpad/libpad,scePadEnterPressMode,0x233500,84
