function,tu,size,depth
InitAfterDbLoad__7TheGame,game/TheGame,860,0
InitBeforeDbLoad__7TheGame,game/TheGame,1824,0
ResetLevel__7TheGame,game/TheGame,364,0
Update__7TheGame,game/TheGame,1008,0
InitAfter__6Debris,game/Debris,88,1
InitBefore__6Debris,game/Debris,96,1
InitWeaponsAfter__7Weapons,game/Weapon,1136,1
InitWeaponsBefore__7Weapons,game/Weapon,228,1
Init__11PointLights,common/PointLight,80,1
Init__13Destructibles,game/Destructible,32,1
Init__7Cameras,game/Cameras,444,1
Init__9ShockWave,game/ShockWave,52,1
SetCameraPOV__7CamerasiQ26Camera9CameraPOV,game/Cameras,596,1
Update__13Destructibles,game/Destructible,8,1
Update__7Cameras,game/Cameras,244,1
__vc__8PadFlagsi,game/PadFlags,52,1
airportInitAfter__Fv,game/airport,32,1
airportInitBefore__Fv,game/airport,68,1
airportUpdate__Fv,game/airport,64,1
canyon2InitAfter__Fv,game/canyon2,180,1
canyon2InitBefore__Fv,game/canyon2,140,1
canyon2Update__Fv,game/canyon2,2028,1
centralInitAfter__Fv,game/central,280,1
centralInitBefore__Fv,game/central,8,1
centralUpdate__Fv,game/central,8,1
checkTriggerTree__Fv,game/MonsterTriggers,472,1
clearModifiers__8PadFlags,game/PadFlags,20,1
clear__11MemoryStack,common/MemoryStack,76,1
fogInit__Fv,common/fog,352,1
forceRead__8resetcom,common/resetcom,28,1
gameCheckForCloseCombat__7TheGame,game/TheGame,1224,1
gameReestablishViews__7TheGame,game/TheGame,368,1
gameResolveLifeAndDeath__7TheGame,game/TheGame,2008,1
globalInit__2Ai,game/Ai,276,1
hdInit__Fv,common/hd,112,1
hierInit__Fv,common/hier,468,1
hierSetTraversalCallback__FPFP3_csUiUiRA3_A3_fP8_fvector_v,common/hier,8,1
initAfterDbLoad__10SpecFxAnim,game/SpecFxAnim,140,1
initAfterDbLoad__12LevelPickups,game/Pickup,100,1
initAfterDbLoad__7Monster,game/MonsterInit,320,1
initAfterDbLoad__9HomingBug,game/HomingBug,80,1
initAfter__9FinalBoss,game/FinalBoss,804,1
initBeforeDbLoad__10CrushLevel,game/CrushLevel,8,1
initBeforeDbLoad__10SpecFxAnim,game/SpecFxAnim,52,1
initBeforeDbLoad__12BigShotLevel,game/BigShotLevel,276,1
initBeforeDbLoad__7Monster,game/MonsterInit,284,1
initBefore__14ActionDispatchv,game/ActionDispatch,92,1
initBefore__3Hudi,game/Hud,332,1
initBefore__9FinalBoss,game/FinalBoss,124,1
initForReplay__12BigShotLevel,game/BigShotLevel,844,1
initForReplay__3Hud,game/Hud,256,1
initGenericEvent__14ActionDispatchPFUi_v,game/ActionDispatch,8,1
initLevelObjectSoundManager__23LevelObjectSoundManager,game/Sound,452,1
initPowerUpsAfter__8PowerUps,game/PowerUps,8,1
initPowerUpsBefore__8PowerUps,game/PowerUps,224,1
init__10AiPathTooli,game/AiPathTool,84,1
init__11PowerUpTooli,game/PowerUpTool,84,1
init__11TaskManagerUi,common/TaskManager,248,1
init__12Interactives,game/Interactives,56,1
init__12LevelPickups,game/Pickup,712,1
init__12TokenManager,game/TokenManager,104,1
init__13MonsterTweaks,game/MonsterTweaks,32,1
init__14StartPointTooli,game/StartPointTool,84,1
init__8PathTooli,game/PathTool,84,1
init__8resetcom,common/resetcom,8,1
init__9EnemyInfo,game/EnemyInfo,160,1
init__9HomingBug,game/HomingBug,276,1
islandInitAfter__Fv,game/island,272,1
islandInitBefore__Fv,game/island,48,1
islandUpdate__Fv,game/island,656,1
lightInit__Fv,common/light,168,1
loadPoints__10AiPathToolPcb,game/AiPathTool,112,1
loadPoints__11PowerUpToolPcb,game/PowerUpTool,116,1
loadPoints__14StartPointTool,game/StartPointTool,112,1
loadPoints__8PathToolPcb,game/PathTool,112,1
mathfRandInit__Fii,common/mathf,92,1
particleInitAfter__Fv,common/particle,1476,1
particleInit__Fv,common/particle,812,1
plightInit__Fv,common/plight,48,1
psBlockerInit__Fv,common/ps,296,1
sanFranInitAfter__Fv,game/sanfran,144,1
sanFranInitBefore__Fv,game/sanfran,100,1
sanFranUpdate__Fv,game/sanfran,1296,1
saveAndClear__8PadFlagsi,game/PadFlags,104,1
setMax__12TokenManagerPci,game/TokenManager,204,1
setMilestone__12TokenManagerPciiQ212TokenManager13MilestoneType,game/TokenManager,304,1
setWaterLevel__Ff,game/Monster,8,1
threeMileInitAfter__Fv,game/threemile,388,1
threeMileInitBefore__Fv,game/threemile,340,1
threeMileUpdate__Fv,game/threemile,440,1
timerGetMinUpdateRate__Fv,common/timer,8,1
tokyoInitAfter__Fv,game/tokyo,128,1
tokyoInitBefore__Fv,game/tokyo,40,1
tokyoUpdate__Fv,game/tokyo,1076,1
ufoInitAfter__Fv,game/ufo,20,1
ufoInitBefore__Fv,game/ufo,8,1
ufoUpdate__Fv,game/ufo,528,1
updateCinema__7Monster,game/Monster,308,1
updatePosition__7Monster,game/Monster,408,1
updateStreamingSoundManager__21StreamingSoundManageri,game/StreamingSoundManager,2064,1
update__11TaskManager,common/TaskManager,188,1
update__7Monster,game/Monster,1216,1
update__8PowerUps,game/PowerUps,652,1
update__9FinalBoss,game/FinalBoss,1044,1
vegasInitAfter__Fv,game/vegas,32,1
vegasInitBefore__Fv,game/vegas,8,1
vegasUpdate__Fv,game/vegas,884,1
viewInit__Fv,common/view,100,1
CreatePowerUp__8PowerUpsiP8_fvector,game/PowerUps,32,2
CreatePowerUp__8PowerUpsiUcP8_fvector,game/PowerUps,672,2
GetLevelName__5Shell,game/Shell,12,2
InitCCCamera__7CamerasP7MonsterT1,game/Cameras,324,2
Init__10PointLight,common/PointLight,92,2
KillPowerUp__8PowerUpsi,game/PowerUps,204,2
LoadRegenTimes__8PowerUps,game/PowerUps,100,2
SetCameraToFollowMonster__7CamerasiP7Monster,game/Cameras,140,2
StartShake__7Camerasf,game/Cameras,60,2
TogglePOV__7Camerasi,game/Cameras,88,2
TurnOffAllPeds__8PedGroup,game/PedGroup,132,2
__13AiScript3Mile,game/AiScript3Mile,108,2
__13AiScriptTokyo,game/AiScript3Mile,88,2
__as__11PitchChangeR11PitchChange,game/Cameras,24,2
addAction__14ActionDispatchP7ActHeadPA3_fP8_fvectorP12Destructible,game/ActionDispatch,200,2
addInteractive__12InteractivesP13DbInteractive,game/Interactives,44,2
add__11TaskManagerPFPv_UiPvi,common/TaskManager,108,2
add__11TaskManagerPFv_Uii,common/TaskManager,96,2
aiInit__7Monster,game/MonsterInit,220,2
animationGetCurrentFrame__FG11_animHandle,common/animation,80,2
animationGetCurrentPercent__FG11_animHandle,common/animation,140,2
animationGetHandle__FP11_animHandleUiUiUi,common/animation,316,2
animationInitModifierBlends__FP17_animCharInstance,common/animation,60,2
animationIsRunning__FG11_animHandle,common/animation,80,2
animationResetCharacter__FR11_animHandle,common/animation,152,2
animationSetSpeed__FG11_animHandlef,common/animation,232,2
animationStartReverse__FG11_animHandleb,common/animation,204,2
animationStart__FG11_animHandleb,common/animation,204,2
animationTransitionInto__FR11_animHandlefii,common/animation,924,2
callScriptFromId__14ActionDispatchUsUsi,game/ActionDispatch,152,2
canyon2BossIntro__Fv,game/canyon2,276,2
canyon2EnableBoss__Fv,game/canyon2,56,2
canyon2FinalBattle__Fv,game/canyon2,116,2
checkCollision__6Camerai,game/Cameras,564,2
cleanUpForMovie__7Monster,game/Monster,116,2
clearInputs__7GamePad,game/GamePad,28,2
clear__11StartPoints,game/StartPoints,52,2
clear__8PadFlagsii,game/PadFlags,44,2
collisInitPoints__7Monster,game/collision,1848,2
computeHighlight__12LevelPickupsR7Monster,game/Pickup,208,2
creditFull__11HealthMeter,game/MonsterMeters,32,2
creditFull__12StaminaMeter,game/MonsterMeters,28,2
csActivate__6CsPool,common/CsPool,148,2
csDeactivate__6CsPoolP3_cs,common/CsPool,184,2
ctxSetUpGSCtx__Fv,common/ctx,140,2
defaultContextInit__Fv,common/partdraw,348,2
deleteTask__11TaskManagerPQ211TaskManager10TaskConfig,common/TaskManager,80,2
drainSpecial__7Monster,game/Monster,68,2
dropPickup__7Monster,game/Monster,180,2
enterNewState__7MonsterP12MonsterState,game/Monster,588,2
enterState__13PlantBossHeadi,game/PlantBoss,696,2
exportPoints__10AiPathTool,game/AiPathTool,964,2
exportPoints__11PowerUpTool,game/PowerUpTool,128,2
exportPoints__8PathTool,game/PathTool,364,2
fadeOutAndIn__7TheGamei,game/TheGame,200,2
fadeOut__7TheGamei,game/TheGame,124,2
fogCalcFogValues__FfffPfT3,common/fog,48,2
fogInitStats__Fv,common/fog,8,2
forceRead__8resetcomi,common/resetcom,40,2
formatFilename__5ShellPcPCcN22,game/Shell,140,2
getInfo__9EnemyInfoR7MonsterT1,game/EnemyInfo,76,2
hasPinTarget__7Monster,game/Monster,32,2
hatCheck__12LevelPickupsP8_fvectorf,game/Pickup,300,2
hdReparentCsGrid__FP3_cs,common/hd,76,2
hierSetCsDrawMe__FP3_csUc,common/hier,20,2
hierSetCsEpNode__FP3_csP9_hierhead,common/hier,8,2
ilnkListFill__FP9_ilnklistiPib,common/ilnk,80,2
inFov__9EnemyInfof,game/AiReflex,32,2
inLos__9EnemyInfo,game/AiReflex,8,2
initAfter__8Airplane,game/airport,340,2
initAfter__9HomingBug,game/HomingBug,124,2
initAfter__9PlantBoss,game/PlantBoss,148,2
initAirportLevelSound__17AirportLevelSound,game/Sound,64,2
initBefore__12Letterboxing,game/Hud,16,2
initBefore__9PlantBoss,game/PlantBoss,152,2
initBigTossLevelSound__17BigTossLevelSound,game/Sound,48,2
initCanyon2LevelSound__17Canyon2LevelSound,game/Sound,16,2
initCanyonLevelSound__16CanyonLevelSound,game/Sound,52,2
initDynamics__7Monster,game/MonsterInit,4444,2
initFinalBossSound__14FinalBossSoundP9FinalBoss,game/Sound,72,2
initFinalLevelSound__15FinalLevelSound,game/Sound,52,2
initGenericSound__12GenericSoundiiii,game/Sound,24,2
initIslandLevelSound__16IslandLevelSound,game/Sound,140,2
initMetroLevelSound__15MetroLevelSound,game/Sound,8,2
initMilitaryForCentral__12LevelPickups,game/Pickup,308,2
initMilitaryForVegas__12LevelPickups,game/Pickup,872,2
initMilitaryLevelSound__18MilitaryLevelSound,game/Sound,8,2
initSanFranLevelSound__17SanFranLevelSound,game/Sound,540,2
initSuckerBugSound__14SuckerBugSound,game/Sound,12,2
initThreeMileLevelSound__19ThreeMileLevelSound,game/Sound,532,2
initTokyoLevelSound__15TokyoLevelSound,game/Sound,180,2
initTriggerVolumeSound__24RangedTriggerVolumeSoundiUiii,game/Sound,56,2
initUFOLevelSound__13UFOLevelSound,game/Sound,128,2
initVegasLevelSound__15VegasLevelSound,game/Sound,80,2
initVolcanoLevelSound__17VolcanoLevelSound,game/Sound,100,2
initWeaponSound__11WeaponSound,game/Sound,8,2
init__11AnimContactR11_animHandle,game/AnimContact,216,2
init__11DelayAction,game/ActionDispatch,52,2
init__11HealthMeter,game/MonsterMeters,16,2
init__12PointToolKiti,common/PointToolKit,148,2
init__12StaminaMeter,game/MonsterMeters,72,2
init__6CsPool,common/CsPool,228,2
init__8PadFlagsP7Monster,game/PadFlags,328,2
init__8UfoTokyo,game/tokyo,256,2
init__9AnimBlendR11_animHandle,game/MonsterAnimBlend,132,2
init__9AnimPappyR11_animHandle,game/MonsterAnimBlend,204,2
init__9BidirLink,game/AiPathFinder,12,2
inputGetInput__Fii,common/input,560,2
interpretInputs__8PadFlagsR7GamePad,game/PadFlags,328,2
isOverhead__13StateGrappled,game/Grapple,12,2
islandFireLava__FP8_fvectori,game/island,300,2
lensFlarePacketInit__FP13_ParticleTypei,common/partdraw,1780,2
lightSetAmbient__Fifff,common/light,36,2
loadPoints__12PointToolKitPcb,common/PointToolKit,352,2
mathfMulMatrixTP__FPA3_fN20,common/mathf,136,2
mathfMulMatrix__FPA3_fN20,common/mathf,120,2
mathfMulVec__FPA3_fP8_fvectorT1,common/mathf,68,2
mathfOrthonormalize__FPA3_f,common/mathf,240,2
mathfRPHFromMatrix__FPA3_fP8_fvector,common/mathf,128,2
mathfRand__Fii,common/mathf,92,2
mathfRandf__Fff,common/mathf,124,2
mathfRotMatrixRPH__FPA3_fP8_fvector,common/mathf,60,2
particleFOVcalcMaxRadius__FP16ParticleInfoTypeUi,common/particle,360,2
particleKillAllFx__Fv,common/particle,192,2
placeShadow__7PowerUp,game/PowerUps,284,2
playerUpdateInputs__7Monster,game/Monster,36,2
plightUpdateParaLights__Fv,common/plight,632,2
psBlockerAdd__FP3_csf,common/ps,224,2
psBlockerSetLodRange__FP19_pshadowblockerlistf,common/ps,12,2
psBlockerSetRadius__FP19_pshadowblockerlistPf,common/ps,8,2
psBlockerSetWsOrigin__FP19_pshadowblockerlistP8_fvector,common/ps,8,2
psInitBorderPkt__Fv,common/ps,224,2
psInitFilterTexPkt__Fv,common/ps,548,2
psSetLightDir__FP8_fvector,common/ps,164,2
psVarInit__Fv,common/ps,56,2
rampIn__9AnimBlendf,game/MonsterAnimBlend,156,2
rtReturnToShell__Fii,game/rt,40,2
sanFranQuake__Fi,game/sanfran,164,2
seed__7GenRandUi,common/GenRand,476,2
selectTarget__12BigShotLeveli,game/BigShotLevel,660,2
setActiveMonster__13MonsterTweaksP7Monsterb,game/MonsterTweaks,88,2
setCloakOff__7Monster,game/Monster,36,2
setInteractive__12InteractivesiP13DbInteractive,game/Interactives,24,2
setMaxSpeedMPH__14StateRamAttackf,game/MovementStates,36,2
setPercent__9AnimBlendf,game/MonsterAnimBlend,140,2
setShadowOnOff__7Monsterb,game/Monster,80,2
setSpeed__9AnimBlendf,game/MonsterAnimBlend,44,2
setTrans__7MonsterR8_fvector,game/Monster,128,2
smoothEasyInTC__Fffff,common/smooth,176,2
smoothEasyIn__Fffff,common/smooth,140,2
soundPlayPowerUpSound__FiiiP8_fvector,game/Sound,384,2
startCinemaMusicFromId__21StreamingSoundManageri,game/StreamingSoundManager,476,2
startQuakeSound__17SanFranLevelSound,game/Sound,48,2
stopAllMonsterSounds__12MonsterSound,game/Sound,444,2
swapMonsterSoundBankBlocking__12SoundManagerii,game/Sound,444,2
takeDamage__7MonsterfbP7Monster,game/Monster,532,2
tdTest__FP8_fvectorP9_tdResulti,common/td,204,2
testHidden__7PowerUp,game/PowerUps,356,2
texDrawDustPacketBuild__FP6QwDataiiPPUiT3PPfN25PP6QwData,common/tex,920,2
texDrawInitDustTextureInfo__FPiii,common/tex,232,2
texSpritePacketInit__FP13_ParticleType,common/partdraw,56,2
threeMileActivateStack__Fi,game/threemile,76,2
threeMileStackDestroyed__Fi,game/threemile,360,2
threeMileUpdateCountDown__Fv,game/threemile,2080,2
threeMileUpdateRespawn__Fv,game/threemile,852,2
threeMileUpdateStacks__Fv,game/threemile,1388,2
threeMileUpdateStamina__Fv,game/threemile,240,2
threeMileUpdateTransition__Fv,game/threemile,144,2
threeMileUpdateTub__Fv,game/threemile,236,2
timerGetFieldCount__Fv,common/timer,8,2
timerGetFieldsLastFrame__Fv,common/timer,8,2
todInit__Fv,common/tod,1068,2
tokenValue__12TokenManagerPc,game/TokenManager,152,2
tokyoStartTidalWave__FP7Monster,game/tokyo,116,2
transitionOK__12StateVictory,game/MonsterStates,368,2
turnOffMilitary__12LevelPickups,game/Pickup,224,2
updateAirLegOverride__7Monster,game/Monster,500,2
updateAmbientFadeoutState__21StreamingSoundManageri,game/StreamingSoundManager,472,2
updateAnimContacts__7Monsterb,game/Monster,1048,2
updateBattleFadeoutState__21StreamingSoundManageri,game/StreamingSoundManager,460,2
updateBeingShocked__7Monster,game/Monster,608,2
updateBoostAndRage__7Monster,game/Monster,712,2
updateBoundingSphere__7Monster,game/Monster,956,2
updateDeathSequence__7Monster,game/Monster,88,2
updateDeath__8Airplane,game/airport,1604,2
updateDefaultProjectile__7Monster,game/Monster,628,2
updateInputs__2Ai,game/Ai,304,2
updateJelly__9FinalBoss,game/FinalBoss,2684,2
updateLookAt__7Monster,game/Monster,1008,2
updateMecha__9FinalBoss,game/FinalBoss,5212,2
updateMonsterCinemaSound__12MonsterSound,game/Sound,508,2
updateMonsterSound__12MonsterSound,game/Sound,200,2
updateOnFire__7Monster,game/Monster,260,2
updatePosition__15MonsterDynamics,game/MonsterDynamics,996,2
updatePowerUpGlow__7Monster,game/Monster,2076,2
updateRespawn__Fv,game/canyon2,428,2
updateReticle__7Monster,game/Monster,1004,2
update__12StaminaMeteri,game/MonsterMeters,112,2
update__8Airplane,game/airport,2824,2
update__8UfoTokyo,game/tokyo,400,2
update__9AnimPappyR13DbInteractive,game/MonsterAnimBlend,284,2
update__9PlantBoss,game/PlantBoss,2216,2
viewCreate__F10_viewportsi,common/view,564,2
viewGetScreenDisplay__Fv,common/view,68,2
viewGetViewCs__Fi,common/view,28,2
viewGrappleConfig__Fv,common/view,412,2
viewSetNumViews__Fi,common/view,8,2
AddPowerUpsByTypeEntry__8PowerUpsi,game/PowerUps,64,3
ApplyMint__10FireBreath,game/FireBreath,72,3
ChangePowerUpsByTypeEntry__8PowerUpsii,game/PowerUps,96,3
CreateLavaBall__7WeaponsP8_fvectorN21ii,game/Weapon,772,3
Create__11PointLights,common/PointLight,52,3
END_DIRECT__Fv,common/tex,44,3
END_GIF__Fv,common/tex,60,3
GIF_SET_TAG__FPUiUiUiUiUiUiUiUii,common/partdraw,64,3
GetActiveList__10AnimPlayer,common/animation,8,3
GetMainTreeNode__10AnimPlayer,common/animation,8,3
InitColGridCsListArray__Fv,common/ColGrid,64,3
KillPowerUps__8PowerUps,game/PowerUps,212,3
KillWeapon__6Weapon,game/Weapon,152,3
RemoveBlendFromActiveList__10AnimPlayerP14_animBlendNode,common/animation,212,3
RemovePowerUpsByTypeEntry__8PowerUpsi,game/PowerUps,232,3
START_GIF__FUiUiUiUiUiUi,common/tex,128,3
SetColor__10PointLightfff,common/PointLight,16,3
SetPos__10PointLightP8_fvector,common/PointLight,28,3
SetRange__10PointLightf,common/PointLight,36,3
WeaponInRadius__7WeaponsP8_fvectorfPP6Weapon,game/Weapon,176,3
__11HdItGridBox,common/HdIterator,68,3
__17MilitaryFormation,game/MilitaryFormation,60,3
__9AnimBlend14AnimBlendTypesi,game/MonsterAnimBlend,44,3
addMessage__3Hudii,game/Hud,536,3
allStop__15MonsterDynamics,game/MonsterDynamics,64,3
animationAddBlend__FG11_animHandleP14_animBlendNodeiffsi,common/animation,444,3
animationAddToActiveTree__FG11_animHandle,common/animation,208,3
animationCleanUpTree__FP9_hierheadP17_animCharInstance,common/animation,272,3
animationGetChannelIdx__FiP16AnimChannelIdMap,common/animation,116,3
animationGetChannelVal__FiR11_animHandle,common/animation,76,3
animationGetCurrentTime__FG11_animHandle,common/animation,168,3
animationRemoveBlend__FG11_animHandleP14_animBlendNodef,common/animation,120,3
animationResume__FG11_animHandle,common/animation,176,3
animationSetDirection__FG11_animHandleb,common/animation,280,3
animationSetIterations__FG11_animHandleUs,common/animation,68,3
animationSetToBeginning__FG11_animHandleb,common/animation,180,3
animationSetToEnd__FG11_animHandleb,common/animation,180,3
animationSetToPercent__FG11_animHandlefi,common/animation,240,3
blowDebris__8Airplane,game/airport,1056,3
blowUpMonster__7MonsterP7Monster,game/Monster,156,3
boundEulerAngle__FPf,common/bound,200,3
boundEulerAngles__FP8_fvector,common/bound,52,3
calcCheapDualMonoMixPan__Fi,game/Sound,60,3
calcDualMonoMixVolPan__FP8_fvectoriiRiT3Pi,game/Sound,800,3
calcGlowIntensity__Fiii,game/Monster,112,3
checkNewPosition__6Camera,game/Cameras,500,3
clearCombo__8PadFlags,game/PadFlags,96,3
clearEnvMapping__7Monster,game/Monster,40,3
clearSecretCode__8PadFlags,game/PadFlags,20,3
createTask__11TaskManager,common/TaskManager,96,3
create__8HitEvent,game/Interactives,56,3
creditBaseOnly__12StaminaMeterf,game/MonsterMeters,188,3
creditHit__11HurtHistoryif,game/Interactives,132,3
credit__11HealthMeterf,game/MonsterMeters,60,3
credit__12StaminaMeterf,game/MonsterMeters,192,3
decideChompOrSpit__9PlantBoss,game/PlantBoss,428,3
disable__9HomingBug,game/HomingBug,204,3
dispatchHit__12InteractivesP8_fvectorfii,game/Interactives,92,3
doIt__11DelayAction,game/ActionDispatch,420,3
drain__11HealthMeterf,game/MonsterMeters,80,3
drain__12StaminaMeterfbT2,game/MonsterMeters,356,3
dropPickup__12LevelPickupsGQ2t10LinkedList1ZP6Pickup8Iterator,game/Pickup,124,3
electricArcOnSphere__FP8_fvectorfffPUiUiiiiT0,common/electric,868,3
electricArc__FP8_fvectorT0UiUiffffiUiUi,common/electric,1204,3
enterState__10HeliPickupQ210HeliPickup5State,game/HeliPickup,548,3
enterState__10TankPickupQ214MilitaryPickup5State,game/TankPickup,356,3
enterState__13AiScript3MileQ213AiScript3Mile5State,game/AiScript3Mile,820,3
enterState__13PlantBossBasei,game/PlantBoss,340,3
enterState__13PlantBossRooti,game/PlantBoss,236,3
enterState__18MissileTruckPickupQ214MilitaryPickup5State,game/MissileTruckPickup,356,3
fadeOutMusicBlocking__21StreamingSoundManager,game/StreamingSoundManager,348,3
fileReadf__FPcPv,common/file,356,3
fontSetCharSizesInSubPixels__Fiiiii,common/font,48,3
fontSetColor__Fiiiii,common/font,60,3
fontSetDefaultColor__Fi,common/font,40,3
fontSetDefaultSize__Fi,common/font,100,3
fontSpritePrintXY__FiiiPc,common/font,72,3
getAttachRegion__11StatePickUpR8_fvectorT1,game/MonsterStates,328,3
getClosestMonsterToPunch__7Monsterfff,game/Monster,976,3
getClosestPickup__12LevelPickupsR8_fvectorT1,game/Pickup,528,3
getDestructibleFromReticle__7Monsterf,game/Monster,172,3
getEnlarge__12MotionBlurAA,common/MotionBlurAA,16,3
getFootHDResult__7Monster,game/Monster,8,3
getInstance__11DelayAction,game/ActionDispatch,84,3
getIntensity__12MotionBlurAA,common/MotionBlurAA,8,3
getInteractive__12Interactivesi,game/Interactives,96,3
getLookAtTarget__7Monster,game/Monster,428,3
getNgpFilesLoaded__Fv,common/file,12,3
getPathType__12PointToolKitPQ212PointToolKit5PointT1,common/PointToolKit,96,3
getPercent__9AnimBlend,game/MonsterAnimBlend,64,3
getPoint__12PointToolKiti,common/PointToolKit,12,3
getTarget__7MonsterR8_fvectorb,game/Monster,184,3
getWaterLevel__Fv,game/Monster,8,3
getWeight__9AnimBlend,game/MonsterAnimBlend,108,3
hatCheck__6Pickup,game/Pickup,664,3
hdCsCollect2D__FP8_fvectorfUiUiPP3_csi,common/hd,428,3
hdHatTest__FP8_fvectorT0fbf,common/hdHat,416,3
hdLosCSTest__FP8_fvectorT0P9_hdResulti,common/hdLos,52,3
hdLosTest__FP8_fvectorT0P9_hdResultb,common/hdLos,448,3
hdPolyCheckBackface__Fb,common/hdPoly,8,3
hdRemoveCsFromGrid__FP3_cs,common/hd,196,3
hdReparentCsGrid__FP3_csP8_fvectorf,common/hd,488,3
hierInitCs__FP3_cs,common/hier,204,3
hierSetCameraLosPoint__FP8_fvectorii,common/hier,160,3
hierSetLosPointsPerView__Fii,common/hier,24,3
hierSetSwitch__FP11_hierswitchi,common/hier,48,3
ieGsInitAA__24IncognitoEntertainmentGSb,common/IncognitoEntertainmentGS,32,3
ieGsSetDefDBuffDc__24IncognitoEntertainmentGSPQ224IncognitoEntertainmentGS11ieGsDBuffDcssssss,common/IncognitoEntertainmentGS,1232,3
initAfter__13PlantBossBase,game/PlantBoss,196,3
initAfter__13PlantBossHeadi,game/PlantBoss,500,3
initAfter__13PlantBossRooti,game/PlantBoss,316,3
initBefore__13PlantBossBase,game/PlantBoss,12,3
initBefore__13PlantBossHead,game/PlantBoss,44,3
initBefore__13PlantBossRoot,game/PlantBoss,12,3
initCameraData__7Monster,game/MonsterInit,748,3
initHeightBasedSound__16HeightBasedSoundiii,game/Sound,20,3
initLevelObjectSound__16LevelObjectSoundiiiiiii,game/Sound,72,3
initMusicFadeOut__21StreamingSoundManager,game/StreamingSoundManager,68,3
initPlaneSound__10PlaneSound,game/Sound,12,3
initSoundFadeOut__21StreamingSoundManageri,game/StreamingSoundManager,60,3
initTriggerVolumeSound__18TriggerVolumeSoundiUi,game/Sound,16,3
initVagLocation__21StreamingSoundManagerPcPUi,game/StreamingSoundManager,176,3
init__10BoneSpringP7Monsterii,game/BoneSpring,188,3
init__10StateClimbP7Monster,game/MovementStates,52,3
init__11StateRecoilP7Monster,game/MonsterStates,56,3
init__12StateTopSpinP7Monster,game/SpecialStates,8,3
init__14StateThrowBackP7Monster,game/StateThrowBack,288,3
init__17StateCrowdControlP7Monster,game/SpecialStates,48,3
init__2Ai,game/Ai,792,3
init__7Monster,game/MonsterInit,816,3
init__8StateRunP7Monster,game/MovementStates,812,3
inputGetAnalogButton__Fii,common/input,384,3
inputGetPadButtons__Fi,common/input,60,3
inputGetShellAnalogInput__Fii,common/input,276,3
inputSetActuator__FiP12ActuatorData,common/input,380,3
isHoldingLarge__7Monster,game/Monster,60,3
isUnderwater__Ff,game/Monster,32,3
jump__2Ai,game/Ai,16,3
killPickup__12LevelPickupsGQ2t10LinkedList1ZP6Pickup8Iteratori,game/Pickup,304,3
launchDefaultProjectile__7Monsteri,game/Monster,684,3
lightGetEnv__Fi,common/light,24,3
loadMechBossSoundBank__12SoundManager,game/Sound,48,3
loadMonsterBank__12SoundManagerii,game/Sound,488,3
loadPadInputs__7GamePadi,game/GamePad,1300,3
mathfHPtoVector__FP8_fvectorff,common/mathf,128,3
mathfHeadingFromPointToPoint__FP8_fvectorT0,common/mathf,44,3
mathfManhatDist2D__FP8_fvectorT0,common/mathf,108,3
mathfPitchFromPointToPoint__FP8_fvectorT0,common/mathf,44,3
mathfPitchFromVector__FP8_fvector,common/mathf,52,3
mathfRotMatrixPRH__FPA3_fP8_fvector,common/mathf,300,3
mathfRotationFromPointToPoint__FP8_fvectorN20,common/mathf,44,3
mathfRotationFromVector__FP8_fvectorT0,common/mathf,100,3
mathfVectorMinMaxGetMac__FP8_fvectorT0,common/mathf,16,3
next__11HdItGridBox,common/HdIterator,120,3
okToChangeMap__8PadFlags,game/PadFlags,468,3
particleCreateFx__FP8_fvectorPA3_fifT0T1bf,common/particle,424,3
particleCreateFx__FP8_fvectorifPA3_ff,common/particle,384,3
particleDestroyEffect__FP13_ParticleType,common/particle,296,3
particleKillFx__FRi,common/particle,72,3
pedsKill__FPP13_ParticleType,common/peds,72,3
play206Sound__12MonsterSound,game/Sound,740,3
playDamDestroyedSound__17Canyon2LevelSound,game/Sound,132,3
playDestructibleSound__23LevelObjectSoundManagerUiP8_fvector,game/Sound,1492,3
playGetReadyToFireSound__14FinalBossSoundP8_fvector,game/Sound,92,3
playJellyTazerOneShot__12MonsterSound,game/Sound,100,3
playMechaPowerDownSound__14FinalBossSoundP8_fvector,game/Sound,92,3
playPlaneLandingSound__17AirportLevelSoundP8_fvector,game/Sound,56,3
playShieldPowerDownSound__14FinalBossSoundP8_fvector,game/Sound,92,3
playShieldPowerUpSound__14FinalBossSoundP8_fvector,game/Sound,132,3
playShockSound__19ThreeMileLevelSoundP8_fvector,game/Sound,92,3
playSignatureSound__12MonsterSound,game/Sound,752,3
playSoundFromAnimation__12MonsterSoundf,game/Sound,64,3
playThreeMileCountdown__19ThreeMileLevelSoundi,game/Sound,244,3
playVictorySound__12MonsterSoundi,game/Sound,1188,3
playWaterFootstepSound__12MonsterSound,game/Sound,100,3
playWaterSplashSound__12MonsterSound,game/Sound,100,3
playWickedBigExplosion__19ThreeMileLevelSound,game/Sound,76,3
prepareForPlantBossIntroCinemaMusic__21StreamingSoundManager,game/StreamingSoundManager,448,3
psDrawBorderSprite__FP6QwDataiiii,common/ps,136,3
psDrawFilterSprite__FP6QwDataiiiiiiiii,common/ps,244,3
rampOut__9AnimBlendf,game/MonsterAnimBlend,204,3
recomputeDynamics__7Monster,game/Monster,80,3
remove__11TaskManagerRPv,common/TaskManager,56,3
resetReticle__12PointToolKit,common/PointToolKit,28,3
reset__11HdItGridBoxR8_fvectorT1f,common/HdIterator,372,3
resolveForcesEuler__9PointMassf,common/PointMass,104,3
respawn__8Airplane,game/airport,152,3
seek__11AiNavigatorR13DbInteractivef,game/AiNavigator,80,3
setAllStacksDestroyed__19ThreeMileLevelSound,game/Sound,60,3
setAlpha__12MotionBlurAAfi,common/MotionBlurAA,144,3
setAssBossState__2Aii,game/Ai_2,1084,3
setCharacter__9charresetP7Monster,game/charreset,100,3
setEnable__12MotionBlurAAb,common/MotionBlurAA,8,3
setEnlarge__12MotionBlurAAfi,common/MotionBlurAA,860,3
setIntensity__12MotionBlurAAi,common/MotionBlurAA,8,3
smoothEasyInAngleTC__Fffff,common/smooth,176,3
smoothEasyInAngle__Fffff,common/smooth,332,3
soundStopSound__FPUi,game/StreamingSoundManager,44,3
startCinemaMusic__21StreamingSoundManager,game/StreamingSoundManager,132,3
startShocking__7Monsterff,game/Monster,12,3
tag__11AiNavigatorR8_fvectorf,game/AiNavigator,128,3
target__11AiNavigatorR8_fvectorf,game/AiNavigator,28,3
tdColTriggerNode__FP20HierCollisionTriggerP8_fvectorPA3_A3_fP9_tdResult,common/td,124,3
terminateElectricShockSound__12MonsterSound,game/Sound,36,3
terminateFireSound__9FireSound,game/Sound,36,3
terminateGenericSound__12GenericSound,game/Sound,36,3
terminateJellyTazer__12MonsterSound,game/Sound,36,3
terminateLoop__11LoopManagerPUi,common/SoundBank,84,3
terminateMechLaser__14FinalBossSound,game/Sound,64,3
texDrawCopyGreenToAlpha__FP6QwDataiib,common/tex,228,3
texDrawPreamble__FP6QwDataiiUib,common/tex,176,3
texDrawTestPostlude__FP6QwDataii,common/tex,104,3
threeMileDrawFlash__Fv,game/threemile,332,3
threeMilePlayFx__FP8_fvector,game/threemile,156,3
threeMileStartVent__Fv,game/threemile,136,3
timerGetCurTics__Fv,common/timer,28,3
timerGetUpdateRate__Fv,common/timer,8,3
todActive__Fv,common/tod,8,3
todCalculateValue__Fiff,common/tod,112,3
tokenValue__12TokenManageri,game/TokenManager,176,3
transitionOK__10StateDeath,game/MonsterStates,384,3
transitionOK__15StateUltraTazer,game/SpecialStates,92,3
turnOff2Handeds__12LevelPickups,game/Pickup,224,3
turnOffAllVehicles__12LevelPickups,game/Pickup,196,3
unloadSoundBankBlocking__16SoundBankManagerPv,common/SoundBank,168,3
updateAlienSound__12MonsterSound,game/Sound,352,3
updateAssBoss__2Ai,game/Ai_2,548,3
updateElectricShockSound__12MonsterSound,game/Sound,192,3
updateFinalBossSound__14FinalBossSoundP8_fvectoriP11_animHandle,game/Sound,324,3
updateFireSound__9FireSoundP8_fvector,game/Sound,264,3
updateGeneralMonsterSounds__12MonsterSound,game/Sound,3564,3
updateGenericSound__12GenericSoundP8_fvector,game/Sound,240,3
updateInput0ConfigCR__8PadFlagsR7GamePad,game/PadFlags_2,2272,3
updateInput0ConfigSR__8PadFlagsR7GamePad,game/PadFlags_2,3748,3
updateInput1ConfigCR__8PadFlagsR7GamePad,game/PadFlags_3,2248,3
updateInput1ConfigSR__8PadFlagsR7GamePad,game/PadFlags_3,3728,3
updateInput2ConfigCR__8PadFlagsR7GamePad,game/PadFlags_4,1812,3
updateInput2ConfigSR__8PadFlagsR7GamePad,game/PadFlags_4,3296,3
updateJellyTazer__12MonsterSound,game/Sound,192,3
updateLavaSound__12MonsterSound,game/Sound,8,3
updateMantisSound__12MonsterSound,game/Sound,268,3
updateMechLaser__14FinalBossSoundP8_fvector,game/Sound,184,3
updateOgreSound__12MonsterSound,game/Sound,8,3
updateOpponentList__2Ai,game/Ai,388,3
updatePlaneSound__10PlaneSoundP8_fvectorif,game/Sound,624,3
updateRelevances__2Ai,game/Ai,396,3
updateRobotSound__12MonsterSound,game/Sound,444,3
updateShogunSound__12MonsterSound,game/Sound,292,3
updateWaterWake__7Monsterfb,game/Monster,224,3
update__11AiNavigatorR7GamePad,game/AiNavigator,460,3
update__11AnimContact,game/AnimContact,104,3
update__13PlantBossBase,game/PlantBoss,1284,3
update__13PlantBossHead,game/PlantBoss,4316,3
update__13PlantBossRoot,game/PlantBoss,792,3
update__7AiBrainR2Ai,game/AiBrain,28,3
update__8resetcom,common/resetcom,240,3
viewGetBgColor__FRiN30,common/view,44,3
viewGetMat__Fi,common/view,32,3
viewGetTrans__Fi,common/view,32,3
viewSetBgColor__FUlUlUlUl,common/view,224,3
viewSetFov__Fiff,common/view,980,3
viewShadowUpdate__Fi,common/view,240,3
wakeUp__13PlantBossBase,game/PlantBoss,100,3
wakeUp__13PlantBossHeadi,game/PlantBoss,200,3
wakeUp__13PlantBossRooti,game/PlantBoss,692,3
wakeUp__9PlantBoss,game/PlantBoss,100,3
AddBlendToActiveList__10AnimPlayerP14_animBlendNode,common/animation,424,4
AddCallToQueue__5GsPktP6QwData,common/GsPkt,64,4
CalculateBallisticArc__6Weapon,game/Weapon,304,4
CreateStaticWeapon__7WeaponsQ26Weapon10WeaponTypeiiP8_fvectorT4P9_hierhead,game/Weapon,432,4
END_DMA__Fv,common/tex,40,4
GET_PACKET__Fv,common/tex,8,4
InitPlantBossCamera__7Cameras,game/Cameras,340,4
Init__10FireBreath,game/FireBreath,48,4
IsBlendInActiveList__10AnimPlayerP14_animBlendNode,common/animation,148,4
SET_PACKET__FP6QwData,common/tex,8,4
START_DIRECT__Fv,common/tex,56,4
START_DMA__FUi,common/tex,48,4
START_PACKET__FP6QwData,common/tex,12,4
__12HdItGridLine,common/HdIterator,60,4
__7AiBrain,game/AiBrain,416,4
__8HdItCell,common/HdIterator,44,4
addErrantLoop__11LoopManagerPUi,common/SoundBank,128,4
addTextBoxMessage__3Hudi,game/Hud,184,4
animationGetDirection__FG11_animHandle,common/animation,96,4
animationPause__FG11_animHandle,common/animation,116,4
animationSetToFrame__FG11_animHandlefi,common/animation,232,4
animationUpdate__FP10_animationP17_animCharInstance,common/animation,76,4
arrive__16VehicleNavigatorR8_fvectorf,game/VehicleNavigator,28,4
attachFxToHandle__FPiP8_fvectorUi,game/Monster,92,4
avoid__11AiNavigatorR8_fvector,game/AiNavigator,308,4
breakFree__13StateGrappled,game/Grapple,384,4
bspPointTest__FP8_hierbspP8_fvector,common/bsp,132,4
calcFrameBufferPositions__24IncognitoEntertainmentGSPQ224IncognitoEntertainmentGS11ieGsDBuffDcsssRsN25,common/IncognitoEntertainmentGS,60,4
calculatePanAngle__FfP8_fvectorT1,common/SoundBank,392,4
calculateRangedVolume__FP8_fvectorT0ii,common/SoundBank,160,4
checkCombos__8PadFlagsR7GamePad,game/PadFlags,2288,4
clearIValues__12AiActionList,game/AiAction,52,4
copyGreenChannelToAlpha__FUiUiUi,common/tex,524,4
dashDoubleTap__8PadFlagsR7GamePad,game/PadFlags,240,4
disable__11AiNavigatorQ211AiNavigator6StatusQ211AiNavigator11FailureHint,game/AiNavigator,24,4
disable__14HeliVehicleNav,game/HeliVehicleNav,8,4
disable__16VehicleNavigator,game/VehicleNavigator,8,4
disconnectBackPointer__FP13_ParticleType,common/particle,80,4
doAiNavigate__FP15ActAiNavigation,game/ActionDispatch,76,4
doCamShake__FP8_fvectorP11ActCamShake,game/ActionDispatch,28,4
doCinema__FP11DelayActionP9ActCinema,game/ActionDispatch,476,4
doDebris__12DestructibleP9ActDebrisPA3_f,game/Destructible,288,4
doDomino__FP9ActDomino,game/ActionDispatch,72,4
doGenericEvent__FP15ActGenericEvent,game/ActionDispatch,36,4
doGroup__FP8_fvectorPA3_fP8ActGroupP12Destructible,game/ActionDispatch,624,4
doPickupHat__FP8_fvectorP12ActHatPickup,game/ActionDispatch,84,4
doRunScript__FP12ActRunScript,game/ActionDispatch,72,4
doSetPlayerPos__FP8_fvectorRA3_A3_fP12ActPlayerPos,game/ActionDispatch,152,4
doSound__FP8_fvectorP12ActPlaySound,game/ActionDispatch,92,4
doTransform__FP8_fvectorPA3_fP12ActTransformP12Destructible,game/ActionDispatch,40,4
dropPickupImpaler__7Monster,game/Monster,80,4
electricArcChainAddLink__FP13_ParticleTypeP8_fvectorbiT1T1,common/electric,308,4
electricArcChainInit__FfffffPUiUiii,common/electric,420,4
electricArcPacketBuild__FP13_ParticleType,common/partdraw,140,4
electricArcPacketInit__FP13_ParticleType,common/partdraw,464,4
endAnimation__FP7ActAnim,game/ActionDispatch,384,4
fileAdjustFileName__FPcT0,common/file,416,4
fileCdSearchFile__FP10sceCdlFILEPc,common/file,724,4
fileWritef__FPcPvi,common/file,128,4
flee__14HeliVehicleNavR8_fvectorff,game/HeliVehicleNav,128,4
fontSetColorGifTag__Fi,common/font,260,4
fontSetSize__Fii,common/font,80,4
fontSetSpacing__Fii,common/font,40,4
fontSpritePrint__FiPc,common/font,452,4
gameGetStartPoint__7TheGameP7Monster,game/TheGame,756,4
getClosestMonsterToOrientation__7Monsterff,game/Monster,276,4
getClosestPath__9AiPathNetR8_fvectorUc,game/AiPathNet,300,4
getFileAndPathname__8resetcomi,common/resetcom,368,4
handleApplyMint__15StateFireBreath,game/SpecialStates,56,4
hasPath__12PointToolKitPQ212PointToolKit5PointT1,common/PointToolKit,100,4
hdCsCollect__FP8_fvectorfUiUiPP3_csi,common/hd,436,4
hdGetNextCollis__FP9_hdResultiT0,common/hd,120,4
hdGetSphereGridBox__FfffPiN33,common/hd,196,4
hdSphereTest__FP8_fvectorT0fP9_hdResultUii,common/hdSphere,456,4
hdTestNode__FP9_hierheadP8_fvectorT1fPA3_A3_fP9_hdResulti,common/hd,900,4
inFlight__12LevelPickupsGQ2t10LinkedList1ZP6Pickup8Iterator,game/Pickup,60,4
inTub__2AiR8_fvector,game/Ai,208,4
incrementPath__11HdItGridBox,common/HdIterator,356,4
initAssBoss__2AiP7Monster,game/Ai_2,136,4
initCylindrical__9RigidBodyffif,common/RigidBody,228,4
initMonsterSound__12MonsterSoundP7Monster,game/Sound,416,4
initPlantBossRootSound__18PlantBossRootSound,game/Sound,8,4
initPlantBossSound__14PlantBossSound,game/Sound,16,4
initRandomDirection__FP13_ParticleTypefPA3_f,common/particle,104,4
initSelfAnimated__FP13_ParticleTypefPA3_ff,common/particle,128,4
init__11AiNavigator,game/AiNavigator,92,4
init__15MonsterDynamics,game/MonsterDynamics,200,4
init__6Springfff,common/PointMass,24,4
init__7AiBrainR2Ai,game/AiBrain,876,4
init__9PointMassfP8_fvector,common/PointMass,56,4
init__Q211AiNavigator8PathInfoP6AiPathP8_fvector,game/AiNavigator,180,4
inputFixAnalogValue__Fii,common/input,472,4
inputGetCtlPadAnalogAxis__Fii,common/input,192,4
isDone__C12HdItGridLine,common/HdIterator,36,4
isMinion__2Ai,game/Ai,68,4
isSpecialAvailable__C7Monster,game/Monster,56,4
knockBack__7MonsterR8_fvectorff,game/Monster,628,4
loadSoundBank__16SoundBankManagerPPvPci,common/SoundBank,392,4
mathfHeadingFromVector__FP8_fvector,common/mathf,32,4
mathfManhatDist__FP8_fvectorT0,common/mathf,192,4
mathfMatrixFromNormal__FPA3_fP8_fvector,common/mathf,212,4
mathfRandVector__FP8_fvectorf,common/mathf,328,4
mathfTransposeMatrix__FPA3_fT0,common/mathf,84,4
mathfUnitMatrix__FPA3_f,common/mathf,48,4
mathfVectorCrossUp__FP8_fvectorT0,common/mathf,28,4
mathfViewScreenMatrix__FPA3_fN20fffffffffff,common/mathf,508,4
next__12HdItGridLine,common/HdIterator,232,4
particleGetParticle__Fi,common/particle,36,4
particleInitFx__Fif,common/particle,1704,4
particlePostInitFx__FP8_fvectorP13_ParticleTypef,common/particle,256,4
playBodyImpactSound__12MonsterSound,game/Sound,280,4
playFootstepSound__12MonsterSound,game/Sound,648,4
playLandingSound__12MonsterSound,game/Sound,608,4
playPlantBossCabbageSmack__14PlantBossSound,game/Sound,156,4
playPlantBossChompSound__18PlantBossHeadSoundP8_fvector,game/Sound,92,4
playPlantBossEmergeSound__14PlantBossSound,game/Sound,88,4
playPlantBossGrowlSound__18PlantBossHeadSoundP8_fvector,game/Sound,92,4
playPlantBossHeadDeadSound__18PlantBossHeadSoundP8_fvector,game/Sound,132,4
playPlantBossHideSound__14PlantBossSound,game/Sound,88,4
playPlantBossHissSound__18PlantBossHeadSoundP8_fvector,game/Sound,92,4
playPlantBossMissChompSound__18PlantBossHeadSoundP8_fvector,game/Sound,92,4
playPlantBossSpitSound__18PlantBossHeadSoundP8_fvector,game/Sound,92,4
playPlantBossSporeLaunchSound__18PlantBossHeadSoundP8_fvector,game/Sound,92,4
playTakeHitSound__12MonsterSound,game/Sound,1120,4
playWeaponLaunchSound__11WeaponSoundP8_fvectori,game/Sound,732,4
playWingFlap__12MonsterSound,game/Sound,184,4
prunePickup__12LevelPickupsGQ2t10LinkedList1ZP6Pickup8Iterator,game/Pickup,156,4
pushCsFront__13ColGridCsListP3_cs,common/ColGrid,72,4
read__8resetcomPc,common/resetcom,472,4
release__12StateGrappleb,game/Grapple,364,4
removeCs__13ColGridCsListP3_cs,common/ColGrid,116,4
reset__11HealthMeter,game/MonsterMeters,52,4
reset__12HdItGridLineR8_fvectorT1f,common/HdIterator,668,4
reset__12StaminaMeter,game/MonsterMeters,20,4
reset__7AiBrainR2Ai,game/AiBrain,80,4
restoreScreenDrawEnv__Fv,common/tex,144,4
runAndDealloc__9AnimBlendff,game/MonsterAnimBlend,388,4
seek__11AiNavigatorR8_fvectorf,game/AiNavigator,128,4
seek__14HeliVehicleNavR8_fvectorf,game/HeliVehicleNav,28,4
seek__16VehicleNavigatorR8_fvectorf,game/VehicleNavigator,28,4
setActiveAi__8AiTweaksP2Aib,game/AiTweaks,64,4
setCenterOfMass__9RigidBodyfff,common/RigidBody,40,4
setContextForParticleDraw__FUi,common/tex,72,4
setCurrentAction__8PadFlags13ButtonActions13MappedActions,game/PadFlags,48,4
setFileName__8resetcomPcb,common/resetcom,136,4
setFocus__2AiP13DbInteractive,game/Ai,24,4
setKiller__10StateDeathP7Monster,game/MonsterStates,20,4
setTextureAsDrawEnv__FUiUiUiUi,common/tex,204,4
stopLevelObjectSound__16LevelObjectSound,game/Sound,36,4
stopMechaLaserImpactSound__12MonsterSound,game/Sound,36,4
takeAdditiveRecoil__7MonsterR8_fvectorf,game/Monster,368,4
target__16VehicleNavigatorR8_fvector,game/VehicleNavigator,16,4
terminateChompSound__18PlantBossHeadSound,game/Sound,36,4
terminatePlantBossRootSound__18PlantBossRootSound,game/Sound,36,4
terminateSuckerBugSound__14SuckerBugSound,game/Sound,72,4
terminateWeaponSound__11WeaponSound,game/Sound,36,4
threeMileIsTubActive__Fv,game/threemile,16,4
transitionOK__10StateTaunt,game/MonsterStates,88,4
transitionOK__12StateTopSpin,game/SpecialStates,56,4
transitionOK__14StateGunAttack,game/MonsterStates,16,4
transitionOK__16StateCannonHands,game/SpecialStates,144,4
transitionOK__16StateTazerAttack,game/MonsterStates,16,4
triggerAnimation__FP11DelayActionP7ActAnim,game/ActionDispatch,444,4
triggerLevelDestructSound__23LevelObjectSoundManagerP8_fvectoriiffiP12ActPlaySound,game/Sound,396,4
updateActions0__8PadFlagsR7GamePad,game/PadFlags_2,1908,4
updateActions1__8PadFlagsR7GamePad,game/PadFlags_3,1760,4
updateActions2__8PadFlagsR7GamePad,game/PadFlags_4,1740,4
updateArrive__11AiNavigator,game/AiNavigator,28,4
updateAssBossPatternOne__2Ai,game/Ai_2,3004,4
updateAssBossPatternTwo__2Ai,game/Ai_2,2468,4
updateAssBossPatternZero__2Ai,game/Ai_2,672,4
updateAssBossRotorSound__12MonsterSound,game/Sound,376,4
updateChompSound__18PlantBossHeadSoundP8_fvector,game/Sound,208,4
updateHistory0__8PadFlagsR7GamePad,game/PadFlags_2,668,4
updateHistory1__8PadFlagsR7GamePad,game/PadFlags_3,668,4
updateHistory2__8PadFlagsR7GamePad,game/PadFlags_4,556,4
updatePlantBossRootSound__18PlantBossRootSoundP8_fvector,game/Sound,208,4
updateRampOut__9AnimBlend,game/MonsterAnimBlend,132,4
updateSeek__11AiNavigator,game/AiNavigator,652,4
updateSteering__11AiNavigatorR7GamePad,game/AiNavigator,436,4
updateTag__11AiNavigator,game/AiNavigator,624,4
updateTarget__11AiNavigator,game/AiNavigator,76,4
update__13AiActionGroupR2Ai,game/AiAction,204,4
viewApplySwap__FPA3_fT0,common/view,148,4
viewComputeNormal__FP8_fvectorN30,common/view,136,4
viewGetCenter__FiPiT1,common/view,52,4
viewGetCurView__Fv,common/view,8,4
viewGetDef__Fi,common/view,28,4
viewGetWH__FiPiT1,common/view,52,4
viewStoreNorms1InVu0__Fv,common/view,28,4
viewStoreNorms2InVu0__Fv,common/view,28,4
vu0MulMatrixTP3x3__FPA3_fN20,common/vu,136,4
wander__14HeliVehicleNav,game/HeliVehicleNav,116,4
wander__16VehicleNavigator,game/VehicleNavigator,20,4
write__8resetcomPc,common/resetcom,208,4
Activate__6DebrisP9ActDebrisPA3_fP8_fvectorPA3_A3_ffT3,game/Debris,1436,5
ChangeState__12DestructibleibT2,game/Destructible,492,5
InitWeapon__6Weapon,game/Weapon,2380,5
StartShake__7CamerasR8_fvectorf,game/Cameras,136,5
__10AiBatThrow,game/AiSeek,104,5
__10AiDodgeRam,game/AiSeek,80,5
__11AiBatReflex,game/AiReflex,88,5
__11AiRamAttack,game/AiReflex,104,5
__11AiSeekCloak,game/AiSeek,80,5
__12AiActionList,game/AiAction,20,5
__12AiCatchThrow,game/AiSeek,104,5
__12AiDodgeStomp,game/AiSeek,88,5
__12AiDodgeThrow,game/AiSeek,92,5
__12AiPutOutFire,game/AiReflex,68,5
__12AiSeekHealth,game/AiSeek,80,5
__12AiSeekPickup,game/AiSeek,84,5
__13AiActionGroup,game/AiAction,40,5
__13AiBlockReflex,game/AiReflex,80,5
__13AiPunchReflex,game/AiReflex,88,5
__13AiSeekMonster,game/AiSeek,96,5
__13AiSeekSpecial,game/AiSeek,80,5
__13AiSeekStamina,game/AiSeek,80,5
__13AiSmashReflex,game/AiReflex,76,5
__13AiStompReflex,game/AiReflex,88,5
__13AiThrowPickup,game/AiReflex,88,5
__14AiCrowdControl,game/AiReflex,88,5
__14AiDetonateHead,game/AiReflex,88,5
__14AiDodgeSpecial,game/AiSeek,88,5
__14AiGrappleThrow,game/AiGrapple,68,5
__14AiThrashReflex,game/AiReflex,76,5
__14AiThrowRecover,game/AiReflex,76,5
__15AiCounterReflex,game/AiReflex,80,5
__15AiDisposeReflex,game/AiReflex,76,5
__15AiGrappleAttack,game/AiGrapple,68,5
__15AiGrappleReflex,game/AiReflex,88,5
__15AiSpecialAttack,game/AiReflex,104,5
__16AiFireProjectile,game/AiReflex,100,5
__7AiSwarm,game/AiSeek,108,5
__7AiTaunt,game/AiReflex,80,5
addList__13AiActionGroupR12AiActionList,game/AiAction,28,5
addTuple__12AiActionListR13AiActionTuplef,game/AiAction,64,5
allocateColGridCsListNode__Fv,common/ColGrid,72,5
animationGetLastFrame__FG11_animHandle,common/animation,92,5
animationGetTotalRunFrames__FG11_animHandle,common/animation,108,5
animationUpdateFromControlNode__FP16_animControlNodeP17_animCharInstance,common/animation,256,5
avoidClimbing__11AiNavigatorR8_fvectorT1,game/AiNavigator,532,5
avoidFlying__11AiNavigatorR8_fvectorT1,game/AiNavigator,1340,5
avoidGeneral__11AiNavigatorR8_fvectorT1,game/AiNavigator,1124,5
avoidJumping__11AiNavigatorR8_fvectorT1,game/AiNavigator,1172,5
block__2Ai,game/Ai,16,5
canyon2GetCherryBomb__Fv,game/canyon2,640,5
computePathInfo__14HeliVehicleNavP8PathNodeP4Path,game/HeliVehicleNav,132,5
computeX__9RigidBody,common/RigidBody,80,5
deactivate__13AiActionTupleR2Ai,game/AiAction,104,5
deallocColGridCsListNode__FP17ColGridCsListNode,common/ColGrid,20,5
detach__12StateGrapple,game/Grapple,60,5
detach__13StateGrappled,game/Grapple,224,5
dustTrailPacketInit__FP13_ParticleType,common/partdraw,588,5
execute__13AiActionTupleR2Ai,game/AiAction,192,5
fileStringCompare__FPcT0,common/file,80,5
findAvailableDestructHandle__23LevelObjectSoundManager,game/Sound,48,5
findFirstAvailableBankSlot__16SoundBankManager,common/SoundBank,68,5
fontBuildPrim__FicP6QwData,common/font,552,5
fontStringWidth__FiPc,common/font,292,5
fragPacketInit__FP13_ParticleType,common/partdraw,644,5
getClosingContextSize__FUib,common/partdraw,36,5
getFleePath__14HeliVehicleNavR8_fvector,game/HeliVehicleNav,352,5
getMaxJumpHeight__11AiNavigatorb,game/AiNavigator,404,5
getMaxStandingJumpHeight__11AiNavigatorb,game/AiNavigator,228,5
getNextPoint__11StartPointsUc,game/StartPoints,60,5
getNumPoints__11StartPointsUc,game/StartPoints,28,5
getObstacleHeight__Q211AiNavigator14ObstacleSensor,game/AiNavigator,20,5
getObstacle__Q211AiNavigator14ObstacleSensor,game/AiNavigator,28,5
getPointIndex__12PointToolKitPQ212PointToolKit5Point,common/PointToolKit,12,5
getPoint__11StartPointsUci,game/StartPoints,36,5
getRandPath__14HeliVehicleNav,game/HeliVehicleNav,184,5
getRangeSq__9AiPathNetR8_fvectorR6AiPath,game/AiPathNet,592,5
grabPickup__12LevelPickupsGQ2t10LinkedList1ZP6Pickup8Iteratori,game/Pickup,124,5
grab__2Ai,game/Ai,16,5
handleAction__7MonsterP15ActAiNavigation,game/Monster,8,5
hdAABBVsAABB__FPfN30,common/hdPrim,156,5
hdInitTraverseHier__FPA3_A3_fPP9_hierhead,common/hdTraverse,132,5
hdSphereVsAABB__FPfT0fRfT3T0T0,common/hdPrim,348,5
hdSphereVsHull__FP8_fvectorT0fP6_planeiP11ContactInfoPfT6,common/hdPrim,684,5
hdSphereVsPolyCollis__FP8_fvectorT0fT0T0P24_hierpolycollisionobjectP9_hdResulti,common/hdPoly,1440,5
hdTraverseHier__FP15hdTraverseStateUs,common/hdTraverse,1472,5
hdTraversePath__FP18_HierCollisionPathP15hdTraverseStateUs,common/hdTraverse,812,5
heavyPunch__2Ai,game/Ai,16,5
incrementPath__12HdItGridLine,common/HdIterator,384,5
initFireSound__9FireSound,game/Sound,8,5
init__12AiActionListQ212AiActionList8Strategy,game/AiAction,32,5
init__13AiActionGroup,game/AiAction,12,5
init__Q211AiNavigator14ObstacleSensor,game/AiNavigator,20,5
init__Q211AiNavigator8PathInfoP6AiPathi,game/AiNavigator,188,5
isBlocking__7Monster,game/Monster,64,5
kitePacketInit__FP13_ParticleType,common/partdraw,532,5
lightPunch__2Ai,game/Ai,16,5
linePacketInit__FP13_ParticleType,common/partdraw,532,5
mathfMulTransVecOld__FPA3_fP8_fvectorT1,common/mathf,40,5
mathfPlaneTest__FP6_planeP8_fvector,common/mathf,56,5
next__8HdItCell,common/HdIterator,240,5
pathSeek__11AiNavigator,game/AiNavigator,704,5
playAssBossWeaponDrawSound__12MonsterSound,game/Sound,100,5
playPauseMenuSound__10ShellSoundi,game/Sound,48,5
playTauntSound__12MonsterSound,game/Sound,760,5
playTimedBuildingDestructibleSound__23LevelObjectSoundManagerP12ActPlaySoundP8_fvector,game/Sound,212,5
rampOutAndDealloc__9AnimBlendf,game/MonsterAnimBlend,304,5
rand__7GenRand,common/GenRand,276,5
reset__13AiActionGroup,game/AiAction,88,5
reset__8HdItCellii,common/HdIterator,140,5
setAi__7AiResetP2Ai,game/AiReset,184,5
setClosingContext__FPUiUiT0T0b,common/partdraw,348,5
setDrawEnvAsTexture__FUiUiUiUiUib,common/tex,232,5
setEnabled__12Letterboxingb,game/Hud,312,5
setMat__7MonsterRA3_A3_f,game/Monster,84,5
setOpeningContext__FPUiUii,common/partdraw,268,5
setRot__7Monsterfff,game/Monster,108,5
setTensor__9RigidBodyfff,common/RigidBody,40,5
setTextureContext__FPUiP13_ParticleType,common/partdraw,120,5
sprinePacketInit__FP13_ParticleType,common/partdraw,1104,5
spritePacketInit__FP13_ParticleType,common/partdraw,1080,5
startCinema__12LevelPickups,game/Pickup,248,5
startCinema__7Monster,game/Monster,200,5
startCinema__8PedGroup,game/PedGroup,52,5
startCinema__8PowerUps,game/PowerUps,80,5
stripePacketInit__FP13_ParticleType,common/partdraw,812,5
stritePacketInit__FP13_ParticleType,common/partdraw,448,5
targetPin__11AiNavigatorR8_fvector,game/AiNavigator,132,5
targetPin__2Ai,game/Ai,24,5
terminateAssBossRotorSound__12MonsterSound,game/Sound,180,5
test__Q211AiNavigator14ObstacleSensor,game/AiNavigator,1560,5
toss__2Ai,game/Ai,16,5
transitionOK__11StateRecoil,game/MonsterStates,72,5
transitionOK__14StateThrowBack,game/StateThrowBack,40,5
transitionOK__15StateBigTakeHit,game/MonsterStates,16,5
turnOffForDelayedHat__12LevelPickupsP8_fvectorf,game/Pickup,248,5
utilScaleFlame__FP13_ParticleTypef,common/particle,196,5
viewGetDb__Fi,common/view,24,5
viewToggleSplitScreen__FbT0,common/view,100,5
wakePacketInit__FP13_ParticleType,common/partdraw,1040,5
DetachCamera__7CamerasiP8_fvector,game/Cameras,156,6
DispatchAction__12DestructibleP7ActHeadPA3_f,game/Destructible,124,6
InitCCMonsters__7CamerasP7MonsterT1,game/Cameras,132,6
SetCameraMonster__7CamerasiP7Monster,game/Cameras,72,6
__13AiActionTuplef,game/AiAction,80,6
addTuple__12AiActionListR13AiActionTuple,game/AiAction,32,6
animCurveEvaluate__FP15AnimCurveHeaderfPUs,common/AnimCurve,72,6
animationUpdateHandle__FR11_animHandle,common/animation,632,6
attemptClimb__11AiNavigatorR8_fvector,game/AiNavigator,228,6
computePath__12AiPathFinderPP6AiPathR8_fvectorR6AiPath,game/AiPathFinder,612,6
createPickup__12LevelPickupsP9_hierheadR8_fvectorPA3_fb11ePickupType,game/Pickup,1232,6
credit__12TokenManagerPci,game/TokenManager,236,6
followPath__11AiNavigatorRQ211AiNavigator8PathInfoT1R8_fvector,game/AiNavigator,944,6
getCeilHeight__Q211AiNavigator14ObstacleSensor,game/AiNavigator,40,6
getFlapHeightGain__8StateFly,game/MovementStates,68,6
getFlapStaminaDrain__8StateFly,game/MovementStates,32,6
getFloorHeight__Q211AiNavigator14ObstacleSensor,game/AiNavigator,40,6
getJumpHeightGain__8StateFly,game/MovementStates,68,6
getJumpHeightGain__9StateJump,game/MovementStates,68,6
getNextCollis__Q211AiNavigator14ObstacleSensorP9_hdResultiT1,game/AiNavigator,156,6
getObstacleRange__Q211AiNavigator14ObstacleSensor,game/AiNavigator,8,6
handleNoJumpOrClimb__11AiNavigatorP9_hdResultR8_fvectorT2,game/AiNavigator,512,6
hdSphereVsPoly__FP8_fvectorN20fT0N20P11ContactInfof,common/hdPoly,1580,6
huck__11RigidPickupR8_fvectorP13DbInteractive,game/RigidPickup,356,6
inPathTransition__11AiNavigatorRQ211AiNavigator8PathInfoR8_fvectorb,game/AiNavigator,208,6
init__13AiActionTuplef,game/AiAction,96,6
init__Q211AiNavigator8PathInfoP6AiPathT1b,game/AiNavigator,72,6
isHolding__7Monster,game/Monster,36,6
isIn__9AiPathNetR8_fvectorR6AiPath,game/AiPathNet,480,6
isObstacleClimbable__Q211AiNavigator14ObstacleSensor,game/AiNavigator,88,6
isObstacleClimbable__Q211AiNavigator14ObstacleSensorR9_hdResult,game/AiNavigator,164,6
mathfConcatQuaternions__FP8_fvectorN20,common/mathf,52,6
mathfCopyMatrixNotAligned__FPA3_fT0,common/mathf,76,6
mathfMatrixToQuaternion__FP8_fvectorPA3_f,common/mathf,52,6
mathfMulMatrix3x3__FPA3_fN20,common/mathf,88,6
mathfNormalizeQuaternionFromW__FP8_fvectorT0,common/mathf,168,6
mathfQuaternionMulVec__FP8_fvectorN20,common/mathf,96,6
mathfQuaternionToMatrix4x4__FPA3_fP8_fvector,common/mathf,128,6
orientTo__11AiNavigatorR8_fvectorf,game/AiNavigator,176,6
pathSeekIntercept__11AiNavigator,game/AiNavigator,820,6
posInFOV__6CameraR8_fvectorib,game/Cameras,896,6
realignToQuadword__FPUi,common/partdraw,60,6
reset__12AiActionList,game/AiAction,80,6
setSecondaryShadowBlocker__7MonsterP3_cs,game/Monster,36,6
setStrategy__12AiActionListQ212AiActionList8Strategy,game/AiAction,84,6
shedMonsters__12Destructible,game/Destructible,252,6
shouldAvoid__Q211AiNavigator14ObstacleSensorR8_fvector,game/AiNavigator,756,6
timerGetOverloadScale__Fv,common/timer,8,6
updateAnimTransMatrix__FP14_animtransformP17_animCharInstancePPA3_A3_f,common/hdTraverse,564,6
viewIsOddScan__Fv,common/view,8,6
__10HeliPickupb,game/HeliPickup,156,7
__10HitHistory,game/Interactives,16,7
__10TankPickup,game/TankPickup,92,7
__12SubwayPickup,game/SubwayPickup,64,7
__12TurretPickup,game/TurretPickup,52,7
__18MissileTruckPickup,game/MissileTruckPickup,92,7
__6Pickup,game/Pickup,36,7
__9CarPickup,game/CarPickup,168,7
__9RigidBody,common/RigidBody,40,7
__9UfoPickup,game/UfoPickup,72,7
applyWorldImpulse__9RigidBodyR8_fvector,common/RigidBody,52,7
compileResultForReturn__12AiPathFinderPP6AiPathPQ212AiPathFinder4Node,game/AiPathFinder,96,7
computeCostEstimate__12AiPathFinderR6AiPathR10AiPathNodeT1,game/AiPathFinder,88,7
getRelevantConfig__8StateFly,game/MovementStates,72,7
getRelevantConfig__9StateJump,game/MovementStates,72,7
hdSphereVsEdge__FP8_fvectorT0fT0T0fT0T0P11ContactInfo,common/hdPoly,1012,7
hierGetRotMatPRH,common/hier,28,7
hierStartRotMatPRH,common/hier,16,7
init__Q212AiPathFinder10GlobalListi,game/AiPathFinder,72,7
mathfMatrixToRotAxis__FP8_fvectorPA3_f,common/mathf,68,7
mathfRotAxisToQuaternion__FP8_fvectorT0,common/mathf,28,7
nextPathPoint__11AiNavigator,game/AiNavigator,124,7
overPit__2AiR7Monster,game/Ai,12,7
popBest__Q212AiPathFinder8OpenList,game/AiPathFinder,68,7
reset__10HitHistory,game/Interactives,12,7
reset__13AiActionTuple,game/AiAction,112,7
reset__9RigidBody,common/RigidBody,64,7
traceSuccessor__12AiPathFinderR6AiPathR10AiPathNodePQ212AiPathFinder4NodeT1,game/AiPathFinder,448,7
transitionFeasible__10StateClimb,game/MovementStates,252,7
__11HeliVehicle,game/HeliVehicle,96,8
__11TankVehicle,game/TankVehicle,120,8
__14HeliVehicleNavR11HeliVehicleP7PathNet,game/HeliVehicleNav,52,8
__16VehicleNavigatorR7VehicleP7PathNet,game/VehicleNavigator,88,8
__6UfoNavR9UfoPickupP7PathNet,game/UfoNav,32,8
__7Vehicle,game/Vehicle,136,8
add__Q212AiPathFinder8OpenListPQ212AiPathFinder4Node,game/AiPathFinder,116,8
adjust__Q212AiPathFinder8OpenListPQ212AiPathFinder4Node,game/AiPathFinder,80,8
checkWallContact__10StateClimb,game/MovementStates,1184,8
clearForces__9RigidBody,common/RigidBody,16,8
computeAuxiliarys__9RigidBody,common/RigidBody,204,8
computeCostActual__12AiPathFinderR6AiPathR10AiPathNodeT1,game/AiPathFinder,356,8
edgePunt__FR8_fvectorN20ffT0fP11ContactInfo,common/hdPoly,432,8
mathfMatricesToRotAxis__FP8_fvectorPA3_fT1,common/mathf,868,8
mathfRotAxisToQuaternion__FP8_fvectorT0f,common/mathf,120,8
getMinContact__10StateClimbP9_hdResultib,game/MovementStates,224,9
hdBundledSphereTest__FP19_hdSphereBundleTestii,common/hdSphere,948,9
