section,start,end,tu,anchors,refs
.data,0x0025C480,0x0025C4C0,crt0,1,0
.data,0x0025C4C0,0x0025C4F0,game/Ai_2,1,1
.data,0x0025C4F0,0x00260550,game/AiPathTool,0,1
.data,0x00260550,0x00260590,game/AiNavigator,4,4
.data,0x00260590,0x002606A0,game/airport,2,2
.data,0x002606A0,0x002606C0,game/AnimContact,0,1
.data,0x002606C0,0x002606D0,game/canyon2,0,1
.data,0x002606D0,0x00260720,game/DodgeBallLevel,0,1
.data,0x00260720,0x00288F20,game/Debris,0,1
.data,0x00288F20,0x00289400,game/FinalBoss,1,2
.data,0x00289400,0x002A26F0,game/TheGame,4,3
.data,0x002A26F0,0x002A2700,game/HeliVehicle,1,1
.data,0x002A2700,0x002A3000,game/HomingBug,0,1
.data,0x002A3000,0x002A35F0,game/Hud,2,11
.data,0x002A35F0,0x002A36A0,game/island,1,1
.data,0x002A36A0,0x002A5840,game/McFile,4,6
.data,0x002A5840,0x002A6C80,game/Monster,2,3
.data,0x002A6C80,0x002AABC0,game/MonsterMc,4,25
.data,0x002AABC0,0x002AAC00,game/MonsterTriggers,0,1
.data,0x002AAC00,0x002AEC60,game/PathTool,0,1
.data,0x002AEC60,0x002AEF98,game/Pickup,0,7
.data,0x002AEF98,0x002AEFD0,game/PlantBoss,0,1
.data,0x002AEFD0,0x002AF0C0,game/PowerUps,3,3
.data,0x002AF0C0,0x002B3120,game/PowerUpTool,0,1
.data,0x002B3120,0x002B3130,game/rt,0,1
.data,0x002B3130,0x002B3570,game/screen,3,8
.data,0x002B3570,0x00417F90,game/Shell,0,5
.data,0x00417F90,0x00419F70,game/ShockWave,0,1
.data,0x00419F70,0x0041A0B8,game/Sound,0,3
.data,0x0041A0B8,0x0041A4F8,game/SpecFxAnim,0,1
.data,0x0041A4F8,0x0041A540,game/StartPoints,0,1
.data,0x0041A540,0x0041E5A0,game/StartPointTool,0,1
.data,0x0041E5A0,0x00422920,game/StickShaker,0,1
.data,0x00422920,0x00422930,game/TankVehicle,1,1
.data,0x00422930,0x004229E0,game/TurretPickup,0,1
.data,0x004229E0,0x00423CB0,game/threemile,6,7
.data,0x00423CB0,0x00423CE0,game/tokyo,1,2
.data,0x00423CE0,0x00423D40,game/UfoPickup,0,1
.data,0x00423D40,0x00430000,game/ui,0,5
.data,0x00430000,0x00434450,game/uidev,0,11
.data,0x00434450,0x00434454,gcc/libgcc2/do_global_dtors,1,1
.data,0x00434454,0x004344F8,gcc/cp/new,1,1
.data,0x004344F8,0x00434540,gcc/cp/new2,1,0
.data,0x00434540,0x004348C4,gcc/cp/tinfo,1,0
.data,0x004348C4,0x00434EBC,gcc/libgcc2/default_terminate,2,2
.data,0x00434EBC,0x00435250,gcc/cp/exception,2,1
.data,0x00435250,0x00435258,gcc/frame,1,0
.data,0x00435258,0x00435780,gcc/cp/tinfo2,1,17
.data,0x00435780,0x0043A2C0,lib989snd/snd,2,29
.data,0x0043A2C0,0x0043A2F0,common/CsPool,0,3
.data,0x0043A2F0,0x0043DB30,common/dbs,0,1
.data,0x0043DB30,0x0043DB80,common/electric,1,1
.data,0x0043DB80,0x00445580,common/file,0,5
.data,0x00445580,0x00445C80,common/fog,0,1
.data,0x00445C80,0x0050F100,common/hier,1,12
.data,0x0050F100,0x0051C600,common/texm,0,3
.data,0x0051C600,0x0054CD00,common/ps,0,10
.data,0x0054CD00,0x0054CF40,common/light,0,1
.data,0x0054CF40,0x0054D950,common/mathf,0,1
.data,0x0054D950,0x0054D968,common/MemoryStack,0,1
.data,0x0054D968,0x0054DB60,common/MpegMovie,0,7
.data,0x0054DB60,0x005ADD00,common/movies,0,2
.data,0x005ADD00,0x006DFC00,common/particle,14,21
.data,0x006DFC00,0x006E0580,common/plight,0,11
.data,0x006E0580,0x006E0680,common/ScreenPolys,0,1
.data,0x006E0680,0x006E0718,common/ShiftJIS,1,2
.data,0x006E0718,0x006E0750,common/TaskManager,0,3
.data,0x006E0750,0x006E12C0,common/tod,0,4
.data,0x006E12C0,0x006E37B0,common/view,1,15
.data,0x006E37B0,0x006E3820,common/ctx,0,1
.data,0x006E3820,0x006E3840,sce/libgraph/vu,2,2
.data,0x006E3840,0x006E3860,sce/libgraph/graphdev,2,1
.data,0x006E3860,0x006E3870,sce/libgraph/graphdev_sceGsExecStoreImage,1,1
.data,0x006E3870,0x006E38B8,sce/libpad/libpad,5,4
.data,0x006E38B8,0x006E38D0,sce/libmc/libmc,3,2
.data,0x006E38D0,0x006E3970,sce/libmpeg/pack,0,1
.data,0x006E3970,0x006E3980,sce/libmpeg/mpeg,1,0
.data,0x006E3980,0x006E3A00,sce/libmpeg/init,0,2
.data,0x006E3A00,0x006E3AB0,sce/libmpeg/mpc,2,4
.data,0x006E3AB0,0x006E3B40,sce/libipu/ipuinit,3,2
.data,0x006E3B40,0x006E3C40,sce/libcdvd/eecdvd,13,20
.data,0x006E3C40,0x006E4D40,sce/libcdvd/eecdvd_sceCdRead,0,4
.data,0x006E4D40,0x006E55B0,sce/libcdvd/eecdvd_sceCdGetError,0,2
.data,0x006E55B0,0x006E55B8,sce/libcdvd/eecdvd_sceCdStInit,1,1
.data,0x006E55B8,0x006E58A8,newlib/libc/stdlib/malloc,1,1
.data,0x006E58A8,0x006E5D00,newlib/libc/stdlib/mallocr,0,6
.data,0x006E5D00,0x006E5D08,newlib/libc/stdio/vfprintf,0,1
.data,0x006E5D08,0x006E5D28,newlib/libc/locale/locale,2,0
.data,0x006E5D28,0x006E5D30,sce/libkernl/glue,2,2
.data,0x006E5D30,0x006E64D8,sce/libkernl/intr,3,3
.data,0x006E64D8,0x006E64DC,sce/libkernl/thread,1,1
.data,0x006E64DC,0x006E64E4,sce/libkernl/kprintf,2,2
.data,0x006E64E4,0x006E64E8,sce/libkernl/sifcmd,1,1
.data,0x006E64E8,0x006E64F0,sce/libkernl/sifrpc,1,1
.data,0x006E64F0,0x006E6584,sce/libkernl/filestub,5,6
.data,0x006E6584,0x006E6588,sce/libkernl/iopheap,1,1
.data,0x006E6588,0x006E6590,sce/libkernl/eeloadfile,2,2
.data,0x006E6590,0x006E65A8,sce/libkernl/initsys,1,4
.data,0x006E65A8,0x006E6D68,sce/libkernl/libosd,1,2
.data,0x006E6D68,0x006E7484,sce/libkernl/tlbfunc,5,5
.data,0x006E7484,0x006E74A0,newlib/libc/machine/r5900/memcmp,0,1
.rodata,0x006E7500,0x006E7540,crt0,1,0
.rodata,0x006E7540,0x006E7598,game/ActionDispatch,0,1
.rodata,0x006E7598,0x006E7720,game/AiAction,0,5
.rodata,0x006E7720,0x006E7A10,game/Ai_2,0,12
.rodata,0x006E7A10,0x006E7A40,game/AiBrain,0,2
.rodata,0x006E7A40,0x006E7AC0,game/AiGrapple,0,6
.rodata,0x006E7AC0,0x006E7B40,game/AiPathTool,0,4
.rodata,0x006E7B40,0x006E81E0,game/AiReflex,0,40
.rodata,0x006E81E0,0x006E8450,game/AiReset,2,6
.rodata,0x006E8450,0x006E8810,game/AiSeek,0,27
.rodata,0x006E8810,0x006E8830,game/AiNavigator,0,1
.rodata,0x006E8830,0x006E88C0,game/airport,0,5
.rodata,0x006E88C0,0x006E8930,game/AnimContact,0,1
.rodata,0x006E8930,0x006E8A28,game/BigShotLevel,1,3
.rodata,0x006E8A28,0x006E8AB0,game/Cameras,0,2
.rodata,0x006E8AB0,0x006E8B10,game/canyon2,0,2
.rodata,0x006E8B10,0x006E8B90,game/CarPickup,0,2
.rodata,0x006E8B90,0x006E8C50,game/charreset,1,3
.rodata,0x006E8C50,0x006E8D70,game/charreset_2,0,1
.rodata,0x006E8D70,0x006E8E60,game/CrushLevel,1,3
.rodata,0x006E8E60,0x006E8E90,game/db,0,1
.rodata,0x006E8E90,0x006E8F60,game/Debris,0,3
.rodata,0x006E8F60,0x006E8FE0,game/Destructible,0,4
.rodata,0x006E8FE0,0x006E90B0,game/FinalBoss,0,7
.rodata,0x006E90B0,0x006E94E0,game/TheGame,0,15
.rodata,0x006E94E0,0x006E9590,game/GlobalReset,0,6
.rodata,0x006E9590,0x006E9650,game/Grapple,0,4
.rodata,0x006E9650,0x006E9750,game/GrappleOHAttack,0,5
.rodata,0x006E9750,0x006E98C0,game/GrappleThrow,0,7
.rodata,0x006E98C0,0x006E9980,game/HeliPickup,0,4
.rodata,0x006E9980,0x006E99A0,game/HeliVehicleNav,0,1
.rodata,0x006E99A0,0x006EA8F0,game/HomingBug,0,4
.rodata,0x006EA8F0,0x006EAB50,game/Hud,1,11
.rodata,0x006EAB50,0x006EABA0,game/Interactives,0,1
.rodata,0x006EABA0,0x006EAEF0,game/McFile,0,24
.rodata,0x006EAEF0,0x006EAF80,game/McPage,0,3
.rodata,0x006EAF80,0x006EB078,game/MilitaryFormation,0,6
.rodata,0x006EB078,0x006EB120,game/MilitaryPickup,0,2
.rodata,0x006EB120,0x006EB210,game/MissileTruckPickup,0,4
.rodata,0x006EB210,0x006EBDA0,game/MonsterStates,0,59
.rodata,0x006EBDA0,0x006EC750,game/Monster,0,10
.rodata,0x006EC750,0x006ED3F0,game/MonsterMc,2,40
.rodata,0x006ED3F0,0x006ED870,game/MovementStates,0,23
.rodata,0x006ED870,0x006ED8C0,game/PathTool,0,3
.rodata,0x006ED8C0,0x006EDC10,game/Pickup,0,10
.rodata,0x006EDC10,0x006EDEC0,game/PlantBoss,0,11
.rodata,0x006EDEC0,0x006EDEF8,game/PowerUpTool,0,2
.rodata,0x006EDEF8,0x006EDF28,game/rt,0,2
.rodata,0x006EDF28,0x006EDF50,game/reset,0,1
.rodata,0x006EDF50,0x006EDFB0,game/RigidDebris,0,2
.rodata,0x006EDFB0,0x006EE060,game/RigidPickup,0,3
.rodata,0x006EE060,0x006EE230,game/sanfran,0,1
.rodata,0x006EE230,0x006EF0F0,game/screen,2,70
.rodata,0x006EF0F0,0x006EF9F0,game/Shell,4,57
.rodata,0x006EF9F0,0x006EFFA0,game/ShellFinished,1,32
.rodata,0x006EFFA0,0x006F0930,game/Sound,0,51
.rodata,0x006F0930,0x006F0D70,game/StreamingSoundManager,0,55
.rodata,0x006F0D70,0x006F1450,game/SpecialStates,0,30
.rodata,0x006F1450,0x006F1498,game/SpecFxAnim,0,1
.rodata,0x006F1498,0x006F14D8,game/StartPointTool,0,2
.rodata,0x006F14D8,0x006F1560,game/SubwayPickup,0,2
.rodata,0x006F1560,0x006F1640,game/TankPickup,0,4
.rodata,0x006F1640,0x006F1700,game/TurretPickup,0,4
.rodata,0x006F1700,0x006F17B0,game/threemile,0,4
.rodata,0x006F17B0,0x006F1A80,game/StateThrowBack,0,14
.rodata,0x006F1A80,0x006F1B08,game/TokenManager,0,2
.rodata,0x006F1B08,0x006F1B60,game/tokyo,0,3
.rodata,0x006F1B60,0x006F1B80,game/UfoNav,0,1
.rodata,0x006F1B80,0x006F1C60,game/UfoPickup,0,5
.rodata,0x006F1C60,0x006F2320,game/ui,1,37
.rodata,0x006F2320,0x006F2820,game/uidev,2,29
.rodata,0x006F2820,0x006F2840,game/VehicleNavigator,0,1
.rodata,0x006F2840,0x006F2B80,game/Weapon,0,6
.rodata,0x006F2B80,0x006F2BE0,gcc/cp/new,0,2
.rodata,0x006F2BE0,0x006F2CE0,gcc/cp/tinfo,0,12
.rodata,0x006F2CE0,0x006F2D30,gcc/cp/exception,0,4
.rodata,0x006F2D30,0x006F2E10,gcc/frame,0,3
.rodata,0x006F2E10,0x006F2FB0,gcc/cp/tinfo2,0,31
.rodata,0x006F2FB0,0x006F3150,lib989snd/snd,0,9
.rodata,0x006F3150,0x006F32E0,common/animation,0,9
.rodata,0x006F32E0,0x006F3620,common/AnimCurve,0,26
.rodata,0x006F3620,0x006F36A0,common/AnimQueue,0,2
.rodata,0x006F36A0,0x006F37D0,common/SoundBank,0,8
.rodata,0x006F37D0,0x006F3870,common/CsPool,0,2
.rodata,0x006F3870,0x006F3B30,common/dbs,0,19
.rodata,0x006F3B30,0x006F3D80,common/file,0,15
.rodata,0x006F3D80,0x006F3E30,common/font,0,3
.rodata,0x006F3E30,0x006F3E50,common/hdSphere,0,1
.rodata,0x006F3E50,0x006F3FA0,common/hdTraverse,0,2
.rodata,0x006F3FA0,0x006F4058,common/texm,0,4
.rodata,0x006F4058,0x006F40B0,common/ps,0,2
.rodata,0x006F40B0,0x006F40D0,common/hoser,0,1
.rodata,0x006F40D0,0x006F4420,common/input,0,12
.rodata,0x006F4420,0x006F4480,common/mathf,0,3
.rodata,0x006F4480,0x006F44E0,common/MpegMovie,0,4
.rodata,0x006F44E0,0x006F4620,common/partdraw,0,6
.rodata,0x006F4620,0x006F4720,common/particle,0,4
.rodata,0x006F4720,0x006F4810,common/PointToolKit,0,5
.rodata,0x006F4810,0x006F4830,common/videocb,0,1
.rodata,0x006F4830,0x006F4A70,common/resetcom,0,16
.rodata,0x006F4A70,0x006F4A88,common/ShiftJIS,0,1
.rodata,0x006F4A88,0x006F4B40,common/str,0,4
.rodata,0x006F4B40,0x006F4BA0,common/blit,0,1
.rodata,0x006F4BA0,0x006F4BB8,common/vi,0,1
.rodata,0x006F4BB8,0x006F4C00,common/videodec,0,2
.rodata,0x006F4C00,0x006F4C20,common/view,0,1
.rodata,0x006F4C20,0x006F57A0,common/zip,7,17
.rodata,0x006F57A0,0x006F57C8,common/CsColor,0,2
.rodata,0x006F57C8,0x006F57E8,common/ColGrid,0,1
.rodata,0x006F57E8,0x006F583C,newlib/libm/math/sf_atan,5,3
.rodata,0x006F583C,0x006F5840,newlib/libm/math/sf_ceil,1,0
.rodata,0x006F5840,0x006F5848,newlib/libm/math/sf_cos,1,0
.rodata,0x006F5848,0x006F5850,newlib/libm/math/wf_acos,0,1
.rodata,0x006F5850,0x006F5858,newlib/libm/math/wf_asin,0,1
.rodata,0x006F5858,0x006F5860,newlib/libm/math/wf_atan2,0,1
.rodata,0x006F5860,0x006F5880,newlib/libm/math/wf_pow,0,4
.rodata,0x006F5880,0x006F5890,newlib/libm/math/wf_sqrt,0,2
.rodata,0x006F5890,0x006F58C8,newlib/libm/math/ef_acos,14,0
.rodata,0x006F58C8,0x006F5904,newlib/libm/math/ef_asin,15,0
.rodata,0x006F5904,0x006F5920,newlib/libm/math/ef_atan2,6,1
.rodata,0x006F5920,0x006F59A8,newlib/libm/math/ef_pow,30,4
.rodata,0x006F59A8,0x006F5D68,newlib/libm/math/ef_rem_pio2,12,2
.rodata,0x006F5D68,0x006F5D70,newlib/libm/math/ef_sqrt,2,0
.rodata,0x006F5D70,0x006F5D90,newlib/libm/math/kf_cos,7,0
.rodata,0x006F5D90,0x006F5DDC,newlib/libm/math/kf_rem_pio2,6,2
.rodata,0x006F5DDC,0x006F5DF8,newlib/libm/math/kf_sin,7,0
.rodata,0x006F5DF8,0x006F5E50,newlib/libm/math/kf_tan,4,1
.rodata,0x006F5E50,0x006F5E60,newlib/libm/common/s_rint,1,1
.rodata,0x006F5E60,0x006F5E64,newlib/libm/math/sf_floor,1,0
.rodata,0x006F5E64,0x006F5E78,newlib/libm/common/sf_scalbn,4,0
.rodata,0x006F5E78,0x006F5EB0,sce/libgraph/graphdev_sceGsSetDefDispEnv,0,1
.rodata,0x006F5EB0,0x006F5FD0,sce/libgraph/graphdev_sceGsSetDefLoadImage,0,2
.rodata,0x006F5FD0,0x006F6010,sce/libgraph/graphdev_sceGsExecLoadImage,0,1
.rodata,0x006F6010,0x006F61E0,sce/libgraph/graphdev_sceGsExecStoreImage,0,5
.rodata,0x006F61E0,0x006F6338,sce/libpad/libpad,0,6
.rodata,0x006F6338,0x006F63A0,sce/libmc/libmc,0,3
.rodata,0x006F63A0,0x006F63E0,sce/libmpeg/pack,0,2
.rodata,0x006F63E0,0x006F6488,sce/libmpeg/mpeg,0,4
.rodata,0x006F6488,0x006F65D0,sce/libmpeg/init,0,9
.rodata,0x006F65D0,0x006F6898,sce/libmpeg/mpc,0,19
.rodata,0x006F6898,0x006F68B0,sce/libmpeg/csc,0,1
.rodata,0x006F68B0,0x006F6A60,sce/libcdvd/eecdvd,0,17
.rodata,0x006F6A60,0x006F6A88,sce/libcdvd/eecdvd_sceCdRead,0,2
.rodata,0x006F6A88,0x006F6AC8,sce/libcdvd/eecdvd_sceCdReadClock,0,2
.rodata,0x006F6AC8,0x006F6BE8,sce/libcdvd/eecdvd_sceCdStInit,0,9
.rodata,0x006F6BE8,0x006F6D00,newlib/libc/stdlib/strtol,0,1
.rodata,0x006F6D00,0x006F6F10,newlib/libc/stdio/vfprintf,2,11
.rodata,0x006F6F10,0x006F6F68,newlib/libc/stdlib/dtoa,0,7
.rodata,0x006F6F68,0x006F6FB0,newlib/libc/locale/locale,1,3
.rodata,0x006F6FB0,0x006F70D8,newlib/libc/stdlib/mprec,1,2
.rodata,0x006F70D8,0x006F7100,sce/libkernl/thread,0,1
.rodata,0x006F7100,0x006F7170,sce/libkernl/tty,0,4
.rodata,0x006F7170,0x006F72D0,sce/libkernl/kprintf,0,7
.rodata,0x006F72D0,0x006F7348,sce/libkernl/filestub,0,1
.rodata,0x006F7348,0x006F7350,sce/libkernl/eeloadfile,0,1
.rodata,0x006F7350,0x006F7380,sce/libkernl/iopreset,0,2
.rodata,0x006F7380,0x006F7400,sce/libkernl/tlbfunc,0,4
.rodata,0x006F7400,0x006F7500,gcc/libgcc2/divdi3,1,1
.rodata,0x006F7500,0x006F7600,gcc/libgcc2/moddi3,1,1
.rodata,0x006F7600,0x006F7700,gcc/libgcc2/udivdi3,1,1
.rodata,0x006F7700,0x006F7800,gcc/libgcc2/umoddi3,1,1
.gcc_except_table,0x006F7800,0x006F7838,crt0,1,0
.gcc_except_table,0x006F7838,0x006F7894,gcc/cp/exception,1,0
.sdata,0x006F7900,0x006F7904,crt0,1,0
.sdata,0x006F7904,0x006F7918,game/ActionDispatch,4,5
.sdata,0x006F7918,0x006F7940,game/Ai,7,10
.sdata,0x006F7940,0x006F7960,game/AiAction,0,3
.sdata,0x006F7960,0x006F7980,game/Ai_2,2,7
.sdata,0x006F7980,0x006F7988,game/AiPathNet,0,2
.sdata,0x006F7988,0x006F7998,game/AiPathFinder,3,3
.sdata,0x006F7998,0x006F79A8,game/AiPathTool,0,2
.sdata,0x006F79A8,0x006F79C0,game/AiReflex,5,5
.sdata,0x006F79C0,0x006F79D8,game/AiReset,1,3
.sdata,0x006F79D8,0x006F79E4,game/AiScript3Mile,3,3
.sdata,0x006F79E4,0x006F7A10,game/AiSeek,9,11
.sdata,0x006F7A10,0x006F7A14,game/AiTweaks,1,1
.sdata,0x006F7A14,0x006F7A28,game/AiNavigator,5,5
.sdata,0x006F7A28,0x006F7A38,game/BigShotLevel,0,2
.sdata,0x006F7A38,0x006F7A3C,game/BoneSpring,0,1
.sdata,0x006F7A3C,0x006F7A48,game/Cameras,3,3
.sdata,0x006F7A48,0x006F7A64,game/canyon2,3,7
.sdata,0x006F7A64,0x006F7A78,game/collision,5,5
.sdata,0x006F7A78,0x006F7A90,game/CrushLevel,0,3
.sdata,0x006F7A90,0x006F7AA0,game/DodgeBallLevel,0,2
.sdata,0x006F7AA0,0x006F7AAC,game/EnemyInfo,2,3
.sdata,0x006F7AAC,0x006F7AC8,game/FinalBoss,6,6
.sdata,0x006F7AC8,0x006F7B10,game/PedGroup,14,16
.sdata,0x006F7B10,0x006F7B34,game/TheGame,2,6
.sdata,0x006F7B34,0x006F7B40,game/GamePad,3,3
.sdata,0x006F7B40,0x006F7B44,game/GrappleThrow,1,1
.sdata,0x006F7B44,0x006F7B78,game/HeliPickup,13,13
.sdata,0x006F7B78,0x006F7B94,game/HeliVehicle,7,6
.sdata,0x006F7B94,0x006F7BAC,game/HeliVehicleNav,6,6
.sdata,0x006F7BAC,0x006F7BBC,game/HomingBug,2,3
.sdata,0x006F7BBC,0x006F7C34,game/Hud,7,16
.sdata,0x006F7C34,0x006F7C90,game/McFile,9,15
.sdata,0x006F7C90,0x006F7CC8,game/McPage,10,11
.sdata,0x006F7CC8,0x006F7CF8,game/MissileTruckPickup,1,10
.sdata,0x006F7CF8,0x006F7D00,game/MonsterStates,1,2
.sdata,0x006F7D00,0x006F7D1C,game/Monster,5,7
.sdata,0x006F7D1C,0x006F7D30,game/MonsterDynamics,2,4
.sdata,0x006F7D30,0x006F7D98,game/MonsterMc,4,11
.sdata,0x006F7D98,0x006F7D9C,game/MonsterTweaks,1,1
.sdata,0x006F7D9C,0x006F7DC0,game/MovementStates,9,9
.sdata,0x006F7DC0,0x006F7DC4,game/OgreMace,0,1
.sdata,0x006F7DC4,0x006F7DC8,game/PathNet,0,1
.sdata,0x006F7DC8,0x006F7DD8,game/PathTool,0,2
.sdata,0x006F7DD8,0x006F7DE8,game/Pickup,0,2
.sdata,0x006F7DE8,0x006F7DFC,game/PlantBoss,4,5
.sdata,0x006F7DFC,0x006F7E10,game/PowerUps,5,5
.sdata,0x006F7E10,0x006F7E24,game/PowerUpTool,0,2
.sdata,0x006F7E24,0x006F7E40,game/rt,0,4
.sdata,0x006F7E40,0x006F7E48,game/reset,0,1
.sdata,0x006F7E48,0x006F7E58,game/RigidPickup,4,4
.sdata,0x006F7E58,0x006F7E74,game/sanfran,1,3
.sdata,0x006F7E74,0x006F8180,game/screen,173,180
.sdata,0x006F8180,0x006F8208,game/Shell,2,21
.sdata,0x006F8208,0x006F82C0,game/ShellFinished,6,12
.sdata,0x006F82C0,0x006F82C8,game/ShellRtLoop,0,1
.sdata,0x006F82C8,0x006F82E0,game/Sound,1,5
.sdata,0x006F82E0,0x006F8308,game/StreamingSoundManager,0,7
.sdata,0x006F8308,0x006F8314,game/SpecialStates,3,3
.sdata,0x006F8314,0x006F8318,game/SpecFxAnim,0,1
.sdata,0x006F8318,0x006F8330,game/StartPointTool,1,3
.sdata,0x006F8330,0x006F8368,game/TankPickup,1,10
.sdata,0x006F8368,0x006F8374,game/TankVehicle,3,3
.sdata,0x006F8374,0x006F8380,game/TurretPickup,0,2
.sdata,0x006F8380,0x006F83B0,game/threemile,2,8
.sdata,0x006F83B0,0x006F83E0,game/StateThrowBack,11,12
.sdata,0x006F83E0,0x006F83FC,game/tokyo,4,7
.sdata,0x006F83FC,0x006F840C,game/ufo,4,3
.sdata,0x006F840C,0x006F8420,game/UfoNav,5,5
.sdata,0x006F8420,0x006F8458,game/UfoPickup,3,14
.sdata,0x006F8458,0x006F84F8,game/ui,3,35
.sdata,0x006F84F8,0x006F8550,game/uidev,1,11
.sdata,0x006F8550,0x006F855C,game/vegas,2,3
.sdata,0x006F855C,0x006F8564,game/Vehicle,2,2
.sdata,0x006F8564,0x006F8578,game/VehicleNavigator,4,5
.sdata,0x006F8578,0x006F85C8,common/MotionBlurAA,20,20
.sdata,0x006F85C8,0x006F85D0,common/animation,2,2
.sdata,0x006F85D0,0x006F85D8,common/AnimCurve,0,2
.sdata,0x006F85D8,0x006F85E8,common/SoundBank,0,2
.sdata,0x006F85E8,0x006F8638,common/dbs,0,10
.sdata,0x006F8638,0x006F8668,common/disp,2,11
.sdata,0x006F8668,0x006F8670,common/electric,1,1
.sdata,0x006F8670,0x006F86C8,common/file,1,12
.sdata,0x006F86C8,0x006F871C,common/fog,0,21
.sdata,0x006F871C,0x006F872C,common/font,4,4
.sdata,0x006F872C,0x006F8738,common/hd,1,3
.sdata,0x006F8738,0x006F873C,common/hdHat,1,1
.sdata,0x006F873C,0x006F8748,common/HdIterator,1,3
.sdata,0x006F8748,0x006F874C,common/hdLos,0,1
.sdata,0x006F874C,0x006F8758,common/hdPoly,1,3
.sdata,0x006F8758,0x006F8768,common/hdPrim,0,4
.sdata,0x006F8768,0x006F87E0,common/hier,1,27
.sdata,0x006F87E0,0x006F881C,common/texm,1,10
.sdata,0x006F881C,0x006F8838,common/ps,2,7
.sdata,0x006F8838,0x006F8840,common/IncognitoEntertainmentGS,2,2
.sdata,0x006F8840,0x006F88A0,common/MpegMovie,0,19
.sdata,0x006F88A0,0x006F88D0,common/movies,0,11
.sdata,0x006F88D0,0x006F88D8,common/partdraw,0,1
.sdata,0x006F88D8,0x006F8910,common/particle,3,10
.sdata,0x006F8910,0x006F8918,common/peds,1,1
.sdata,0x006F8918,0x006F8940,common/plight,3,7
.sdata,0x006F8940,0x006F8958,common/resetcom,0,3
.sdata,0x006F8958,0x006F8960,common/ScreenPolys,2,2
.sdata,0x006F8960,0x006F8968,common/ShiftJIS,0,1
.sdata,0x006F8968,0x006F8998,common/str,0,8
.sdata,0x006F8998,0x006F89B8,common/tex,7,7
.sdata,0x006F89B8,0x006F8A70,common/tod,2,43
.sdata,0x006F8A70,0x006F8A80,common/blit,1,4
.sdata,0x006F8A80,0x006F8A88,common/videodec,0,1
.sdata,0x006F8A88,0x006F8AF0,common/view,0,26
.sdata,0x006F8AF0,0x006F8B40,common/zip,0,16
.sdata,0x006F8B40,0x006F8B44,common/bsp,0,1
.sbss,0x006F8B80,0x006F8B84,crt0,1,1
.sbss,0x006F8B84,0x006F8BC8,game/Ai_2,17,14
.sbss,0x006F8BC8,0x006F8BD4,game/airport,3,3
.sbss,0x006F8BD4,0x006F8BE4,game/canyon2,4,4
.sbss,0x006F8BE4,0x006F8BEC,game/Destructible,2,2
.sbss,0x006F8BEC,0x006F8BF8,game/FinalBoss,3,3
.sbss,0x006F8BF8,0x006F8BFC,game/TheGame,1,1
.sbss,0x006F8BFC,0x006F8C00,game/HeliVehicleNav,1,1
.sbss,0x006F8C00,0x006F8C08,game/Hud,2,2
.sbss,0x006F8C08,0x006F8C28,game/island,7,7
.sbss,0x006F8C28,0x006F8C68,game/McFile,16,16
.sbss,0x006F8C68,0x006F8C6C,game/PadFlags,1,1
.sbss,0x006F8C6C,0x006F8C70,game/PlantBoss,1,1
.sbss,0x006F8C70,0x006F8C74,game/RigidPickup,1,1
.sbss,0x006F8C74,0x006F8C84,game/sanfran,4,4
.sbss,0x006F8C84,0x006F8C9C,game/screen,6,6
.sbss,0x006F8C9C,0x006F8CA8,game/ShellFinished,3,3
.sbss,0x006F8CA8,0x006F8CF0,game/threemile,18,18
.sbss,0x006F8CF0,0x006F8D04,game/tokyo,5,5
.sbss,0x006F8D04,0x006F8D08,game/ufo,1,1
.sbss,0x006F8D08,0x006F8D0C,game/ui,1,1
.sbss,0x006F8D0C,0x006F8D10,game/vegas,1,1
.sbss,0x006F8D10,0x006F8D14,game/VehicleNavigator,1,1
.sbss,0x006F8D14,0x006F8D2C,common/MotionBlurAA,6,6
.sbss,0x006F8D2C,0x006F8D48,common/font,7,7
.sbss,0x006F8D48,0x006F8D50,common/hdLos,2,2
.sbss,0x006F8D50,0x006F8D58,common/hdTraverse,2,2
.sbss,0x006F8D58,0x006F8D70,common/texm,7,7
.sbss,0x006F8D70,0x006F8D80,common/ps,4,4
.sbss,0x006F8D80,0x006F8D8C,common/hoser,3,3
.sbss,0x006F8D8C,0x006F8D90,common/input,1,1
.sbss,0x006F8D90,0x006F8DB0,common/particle,8,8
.sbss,0x006F8DB0,0x006F8DB4,common/str,1,1
.sbss,0x006F8DB4,0x006F8DE8,common/timer,13,13
.sbss,0x006F8DE8,0x006F8DEC,common/tod,1,1
.sbss,0x006F8DEC,0x006F8DF0,common/blit,1,1
.sbss,0x006F8DF0,0x006F8DF4,common/view,1,1
.sbss,0x006F8DF4,0x006F8EF8,common/ColGrid,1,1
.sbss,0x006F8EF8,0x006F8EFC,newlib/libc/reent/sbrkr,0,1
.bss,0x006F8F00,0x006F9080,crt0,1,1
.bss,0x006F9080,0x006F93B0,game/ActionDispatch,2,2
.bss,0x006F93B0,0x006F93C0,game/Ai_2,1,1
.bss,0x006F93C0,0x006F9440,game/AiPadClips,3,6
.bss,0x006F9440,0x00705540,game/AiTweaks,1,1
.bss,0x00705540,0x00705560,game/AiNavigator,2,2
.bss,0x00705560,0x007057A0,game/airport,2,2
.bss,0x007057A0,0x00705810,game/BigShotLevel,1,1
.bss,0x00705810,0x007059C0,game/canyon2,3,4
.bss,0x007059C0,0x007059F0,game/Destructible,2,2
.bss,0x007059F0,0x00709C50,game/TheGame,3,3
.bss,0x00709C50,0x0070B590,game/Hud,5,5
.bss,0x0070B590,0x0070B600,game/island,4,7
.bss,0x0070B600,0x00724F00,game/McFile,11,13
.bss,0x00724F00,0x00724F50,game/McPage,4,4
.bss,0x00724F50,0x00725240,game/MonsterMc,2,2
.bss,0x00725240,0x00731340,game/MonsterTweaks,1,1
.bss,0x00731340,0x00731350,game/Pickup,1,1
.bss,0x00731350,0x007313C0,game/rt,1,1
.bss,0x007313C0,0x00731420,game/RigidPickup,2,2
.bss,0x00731420,0x00731458,game/sanfran,3,5
.bss,0x00731458,0x00731500,game/screen,1,4
.bss,0x00731500,0x007315B0,game/Shell,2,2
.bss,0x007315B0,0x007317B0,game/threemile,17,23
.bss,0x007317B0,0x00731820,game/tokyo,2,3
.bss,0x00731820,0x00731940,game/ui,5,5
.bss,0x00731940,0x00731948,gcc/libgcc2/do_global_dtors,1,1
.bss,0x00731948,0x00731958,gcc/fp-bit,1,1
.bss,0x00731958,0x00731978,gcc/libgcc2/default_terminate,3,3
.bss,0x00731978,0x00731990,gcc/dp-bit,1,1
.bss,0x00731990,0x00731998,gcc/frame,1,1
.bss,0x00731998,0x007319F0,lib989snd/snd,2,2
.bss,0x007319F0,0x007329F0,common/MotionBlurAA,1,1
.bss,0x007329F0,0x007356C8,common/animation,3,3
.bss,0x007356C8,0x00735710,common/AnimCurve,1,1
.bss,0x00735710,0x00735730,common/electric,2,2
.bss,0x00735730,0x00735750,common/file,2,2
.bss,0x00735750,0x007357D0,common/fog,8,8
.bss,0x007357D0,0x00764700,common/font,4,5
.bss,0x00764700,0x0076479C,common/hd,2,3
.bss,0x0076479C,0x00777F80,common/hdTraverse,3,4
.bss,0x00777F80,0x00777FD0,common/hier,2,2
.bss,0x00777FD0,0x00778010,common/texm,1,1
.bss,0x00778010,0x00779350,common/hoser,1,1
.bss,0x00779350,0x00779500,common/IncognitoEntertainmentGS,1,1
.bss,0x00779500,0x0077A280,common/input,21,21
.bss,0x0077A280,0x0078EAC0,common/MpegMovie,3,5
.bss,0x0078EAC0,0x00793980,common/particle,12,12
.bss,0x00793980,0x007B2D80,common/ScreenPolys,1,1
.bss,0x007B2D80,0x007B3040,common/blit,4,4
.bss,0x007B3040,0x007B3050,common/CsColor,1,3
.bss,0x007B3050,0x007B5080,common/ColGrid,1,1
.bss,0x007B5080,0x007B5440,sce/libpad/libpad,4,4
.bss,0x007B5440,0x007B6A40,sce/libmc/libmc,10,12
.bss,0x007B6A40,0x007B6CD8,sce/libcdvd/eecdvd,14,14
.bss,0x007B6CD8,0x007B6CE0,sce/libcdvd/eecdvd_sceCdStInit,1,1
.bss,0x007B6CE0,0x007B7500,sce/libkernl/thread,3,3
.bss,0x007B7500,0x007B78C0,sce/libkernl/tty,4,5
.bss,0x007B78C0,0x007B7940,sce/libkernl/kprintf,1,1
.bss,0x007B7940,0x007B7BC0,sce/libkernl/sifcmd,7,10
.bss,0x007B7BC0,0x007B9400,sce/libkernl/sifrpc,4,4
.bss,0x007B9400,0x007BA7C0,sce/libkernl/filestub,10,12
.bss,0x007BA7C0,0x007BA980,sce/libkernl/iopheap,4,4
.bss,0x007BA980,0x007BABC0,sce/libkernl/eeloadfile,3,4
.bss,0x007BABC0,0x007BAC28,sce/libkernl/iopreset,1,1
.bss,0x007BAC28,0x007BBC80,sce/libkernl/deci2,1,1
.bss,0x007BBC80,0x007BBEB0,sce/libkernl/tlbtrap,0,7
.bss,0x007BBEB0,0x00880F10,newlib/libc/machine/r5900/memcmp,0,1
