tu,bytes,sce_calls,hw_regs,cop2,scratchpad,snd_calls
game/ActionDispatch,4512,0,0,0,0,0
game/Ai,6424,0,0,16,0,0
game/AiAction,2984,0,0,0,0,0
game/Ai_2,7936,0,0,0,0,0
game/AiBrain,1408,0,0,0,0,0
game/AiGrapple,1744,0,0,0,0,0
game/AiPadClips,616,0,0,0,0,0
game/AiPathNet,1904,0,0,32,0,0
game/AiPathFinder,2120,0,0,16,0,0
game/AiPathTool,1392,0,0,8,0,0
game/AiReflex,25032,0,0,32,0,0
game/AiReset,5048,0,0,0,0,0
game/AiScript3Mile,1840,0,0,0,0,0
game/AiSeek,17848,0,0,84,0,0
game/AiTweaks,144,0,0,0,0,0
game/AiNavigator,15904,0,0,163,0,0
game/airport,7576,0,0,128,0,0
game/AnimContact,1040,0,0,0,0,0
game/BigShotLevel,6144,0,0,8,0,0
game/BoneSpring,656,0,0,24,0,0
game/Cameras,23648,0,0,370,0,0
game/canyon2,4472,0,0,0,0,0
game/CarPickup,1008,0,0,0,0,0
game/central,296,0,0,0,0,0
game/charreset,15264,0,0,0,0,0
game/charreset_2,19256,0,0,0,0,0
game/collision,11856,0,0,254,0,0
game/CrushLevel,1136,0,0,0,0,0
game/db,1712,0,0,0,0,0
game/DodgeBallLevel,1776,0,0,12,0,0
game/Debris,4296,0,0,58,0,0
game/Destructible,3808,0,0,4,0,0
game/EnemyInfo,1976,0,0,36,0,0
game/FinalBoss,10960,0,0,36,0,0
game/FireBreath,1576,0,0,18,0,0
game/PedGroup,6984,0,0,157,0,0
game/TheGame,15016,0,0,8,0,0
game/GamePad,1336,0,0,0,0,0
game/GamePadClipPlayer,240,0,0,0,0,0
game/GlobalReset,3560,0,0,0,0,0
game/Grapple,6440,0,0,100,0,0
game/GrappleOHAttack,4040,0,0,0,0,0
game/GrappleThrow,3112,0,0,28,0,0
game/HeliPickup,3448,0,0,16,0,0
game/HeliVehicle,1696,0,0,49,0,0
game/HeliVehicleNav,6344,0,0,123,0,0
game/HomingBug,6704,0,0,114,0,0
game/Hud,16680,0,0,96,0,0
game/Interactives,752,0,0,0,0,0
game/island,1816,0,0,0,0,0
game/McFile,9304,84,0,0,0,0
game/McPage,10864,0,0,12,0,4
game/MilitaryFormation,3768,0,0,46,0,0
game/MilitaryPickup,456,0,0,0,0,0
game/MissileTruckPickup,2784,0,0,8,0,0
game/MonkeyChains,1280,0,0,36,0,0
game/MonsterStates,51536,0,0,170,0,0
game/Monster,35096,0,0,283,0,0
game/MonsterAnimBlend,2688,0,0,17,0,0
game/MonsterDynamics,4936,0,0,152,0,0
game/MonsterInit,7176,0,0,1,0,0
game/MonsterMc,23360,0,0,0,0,1
game/MonsterMeters,1464,0,0,0,0,0
game/MonsterTriggers,2248,0,0,16,0,0
game/MonsterTweaks,208,0,0,0,0,0
game/MovementStates,35992,0,0,155,0,0
game/OgreMace,2192,0,0,58,0,0
game/PadFlags,5848,0,0,1,0,0
game/PadFlags_2,8608,0,0,4,0,0
game/PadFlags_3,8408,0,0,4,0,0
game/PadFlags_4,7416,0,0,4,0,0
game/PathNet,1008,0,0,16,0,0
game/PathTool,792,0,0,0,0,0
game/Pickup,16376,0,0,126,0,0
game/PlantBoss,14048,0,0,48,0,0
game/PowerUps,5720,0,0,18,0,0
game/PowerUpTool,512,0,0,0,0,0
game/rt,3376,11,3,0,0,2
game/reset,1344,0,0,0,0,0
game/RigidDebris,3904,0,0,28,0,0
game/RigidPickup,11976,0,0,100,0,0
game/sanfran,1904,0,0,0,0,0
game/screen,101328,0,0,0,0,9
game/Shell,23848,20,8,12,1,3
game/ShellFinished,16440,7,0,108,0,21
game/ShellRtLoop,704,8,0,0,0,0
game/ShockWave,4456,0,0,16,0,0
game/Sound,65384,0,0,16,0,376
game/StreamingSoundManager,12944,3,0,20,0,54
game/SpecialStates,39528,0,0,109,0,0
game/SpecFxAnim,1424,0,0,14,0,0
game/StartPoints,328,0,0,0,0,0
game/StartPointTool,664,0,0,0,0,0
game/StickShaker,1600,0,0,4,0,0
game/SubwayPickup,1200,0,0,19,0,0
game/TankPickup,2848,0,0,8,0,0
game/TankVehicle,424,0,0,12,0,0
game/TurretPickup,2728,0,0,24,0,0
game/threemile,8664,0,0,4,0,0
game/StateThrowBack,13136,0,0,159,0,0
game/TokenManager,1344,0,0,0,0,0
game/tokyo,2560,0,0,0,0,0
game/ufo,560,0,0,0,0,0
game/UfoNav,3672,0,0,70,0,0
game/UfoPickup,3704,0,0,20,0,0
game/ui,6960,27,17,12,4,2
game/uidev,10368,9,4,0,1,0
game/vegas,928,0,0,0,0,0
game/Vehicle,1424,0,0,8,0,0
game/VehicleNavigator,7768,0,0,194,0,0
game/WaterGrid,1912,0,0,13,0,0
game/Weapon,19672,0,0,142,0,0
common/MotionBlurAA,2368,1,4,0,0,0
common/animation,16296,0,0,0,1,0
common/AnimCurve,16656,0,0,0,0,0
common/AnimQueue,1272,0,0,0,0,0
common/bound,328,0,0,0,0,0
common/chain,416,0,0,0,0,0
common/SoundBank,2928,0,0,4,0,20
common/CsPool,1008,0,0,0,0,0
common/dbs,4504,0,0,16,0,0
common/disp,2104,11,12,0,0,0
common/electric,3992,0,0,138,0,0
common/file,6576,27,0,0,0,9
common/fog,2040,1,4,0,1,0
common/font,4736,9,4,0,0,0
common/GsPkt,424,1,5,0,3,0
common/hd,4488,0,0,88,0,0
common/hdHat,432,0,0,0,0,0
common/HdIterator,2760,0,0,12,0,0
common/hdLos,504,0,0,0,0,0
common/hdPoly,4480,0,0,139,0,0
common/hdPrim,3648,0,0,154,0,0
common/hdSphere,1456,0,0,0,0,0
common/hdTraverse,2992,0,0,28,0,0
common/hier,10640,10,16,171,36,0
common/texm,14208,10,9,209,8,0
common/ps,4968,2,7,18,7,0
common/hieri,304,1,3,0,0,0
common/hoser,1480,0,0,4,0,0
common/IncognitoEntertainmentGS,2272,9,11,0,2,0
common/input,6264,32,0,0,0,0
common/light,232,0,0,0,0,0
common/mathf,10944,1,0,331,0,0
common/vu,448,0,0,83,0,0
common/MemoryStack,256,0,0,0,0,0
common/MpegMovie,3152,17,5,0,0,2
common/movies,2216,17,2,0,0,0
common/partdraw,16896,0,5,21,0,0
common/particle,28344,5,5,378,1,0
common/peds,1768,0,0,14,0,0
common/pkt,2776,0,2,0,2,0
common/plight,2056,0,0,20,0,0
common/PointLight,1648,0,4,0,0,0
common/PointMass,704,0,0,56,0,0
common/PointToolKit,936,0,0,0,0,0
common/videocb,816,0,0,0,0,0
common/readbuf,272,0,0,0,0,0
common/resetcom,2616,0,0,0,0,0
common/RigidBody,5640,0,0,387,0,0
common/ScreenPolys,2944,2,5,0,1,0
common/ShiftJIS,904,0,0,0,0,0
common/smooth,1944,0,0,0,0,0
common/str,840,8,0,0,0,4
common/TaskManager,1208,0,0,0,0,0
common/td,336,0,0,4,0,0
common/tex,3624,0,3,0,0,0
common/timer,1328,4,6,0,0,0
common/tod,7856,0,0,0,0,0
common/blit,3176,11,30,0,4,0
common/vi,4112,26,39,0,0,0
common/videodec,2136,13,0,0,0,0
common/view,7760,0,0,45,0,0
common/vo,480,2,0,0,0,0
common/zip,7128,0,0,0,0,0
common/audio,1792,3,0,0,0,7
common/bsp,1128,0,0,25,0,0
common/CsColor,320,0,0,0,0,0
common/ColGrid,352,0,0,0,0,0
common/ctx,160,0,1,0,0,0
common/DebugDraw,1608,0,0,102,0,0
common/GenRand,808,0,0,0,0,0
common/ilnk,328,0,0,0,0,0
