start,end,lang,name,source,nfuncs
0x00100000,0x00100100,asm,crt0,manual,3
0x00100100,0x001012A0,c++,game/ActionDispatch,manual,31
0x001012A0,0x00102BB8,c++,game/Ai,guess,46
0x00102BB8,0x00103760,c++,game/AiAction,manual,30
0x00103760,0x00105660,c++,game/Ai_2,guess,7
0x00105660,0x00105BE0,c++,game/AiBrain,guess,4
0x00105BE0,0x001062B0,c++,game/AiGrapple,manual,19
0x001062B0,0x00106518,c++,game/AiPadClips,guess,5
0x00106518,0x00106C88,c++,game/AiPathNet,guess,8
0x00106C88,0x001074D0,c++,game/AiPathFinder,guess,12
0x001074D0,0x00107A40,c++,game/AiPathTool,guess,7
0x00107A40,0x0010DC08,c++,game/AiReflex,manual,145
0x0010DC08,0x0010EFC0,c++,game/AiReset,guess,6
0x0010EFC0,0x0010F6F0,c++,game/AiScript3Mile,guess,7
0x0010F6F0,0x00113CA8,c++,game/AiSeek,manual,96
0x00113CA8,0x00113D38,c++,game/AiTweaks,guess,3
0x00113D38,0x00117B58,c++,game/AiNavigator,guess,51
0x00117B58,0x001198F0,c++,game/airport,guess,19
0x001198F0,0x00119D00,c++,game/AnimContact,guess,9
0x00119D00,0x0011B500,c++,game/BigShotLevel,guess,16
0x0011B500,0x0011B790,c++,game/BoneSpring,guess,2
0x0011B790,0x001213F0,c++,game/Cameras,guess,47
0x001213F0,0x00122568,c++,game/canyon2,manual,13
0x00122568,0x00122958,c++,game/CarPickup,guess,11
0x00122958,0x00122A80,c++,game/central,guess,3
0x00122A80,0x00126620,c++,game/charreset,guess,4
0x00126620,0x0012B158,c++,game/charreset_2,guess,1
0x0012B158,0x0012DFA8,c++,game/collision,manual,6
0x0012DFA8,0x0012E418,c++,game/CrushLevel,guess,5
0x0012E418,0x0012EAC8,c++,game/db,guess,4
0x0012EAC8,0x0012F1B8,c++,game/DodgeBallLevel,guess,5
0x0012F1B8,0x00130280,c++,game/Debris,guess,10
0x00130280,0x00131160,c++,game/Destructible,guess,19
0x00131160,0x00131918,c++,game/EnemyInfo,guess,3
0x00131918,0x001343E8,c++,game/FinalBoss,guess,12
0x001343E8,0x00134A10,c++,game/FireBreath,guess,7
0x00134A10,0x00136558,c++,game/PedGroup,guess,18
0x00136558,0x0013A000,c++,game/TheGame,guess,39
0x0013A000,0x0013A538,c++,game/GamePad,guess,2
0x0013A538,0x0013A628,c++,game/GamePadClipPlayer,guess,2
0x0013A628,0x0013B410,c++,game/GlobalReset,guess,4
0x0013B410,0x0013CD38,c++,game/Grapple,manual,27
0x0013CD38,0x0013DD00,c++,game/GrappleOHAttack,manual,16
0x0013DD00,0x0013E928,c++,game/GrappleThrow,manual,17
0x0013E928,0x0013F6A0,c++,game/HeliPickup,guess,12
0x0013F6A0,0x0013FD40,c++,game/HeliVehicle,guess,10
0x0013FD40,0x00141608,c++,game/HeliVehicleNav,guess,25
0x00141608,0x00143038,c++,game/HomingBug,guess,25
0x00143038,0x00147160,c++,game/Hud,guess,26
0x00147160,0x00147450,c++,game/Interactives,guess,10
0x00147450,0x00147B68,c++,game/island,guess,7
0x00147B68,0x00149FC0,c++,game/McFile,manual,59
0x00149FC0,0x0014CA30,c++,game/McPage,manual,70
0x0014CA30,0x0014D8E8,c++,game/MilitaryFormation,manual,24
0x0014D8E8,0x0014DAB0,c++,game/MilitaryPickup,guess,13
0x0014DAB0,0x0014E590,c++,game/MissileTruckPickup,guess,16
0x0014E590,0x0014EA90,c++,game/MonkeyChains,guess,4
0x0014EA90,0x0015B3E0,c++,game/MonsterStates,manual,263
0x0015B3E0,0x00163CF8,c++,game/Monster,manual,261
0x00163CF8,0x00164778,c++,game/MonsterAnimBlend,manual,18
0x00164778,0x00165AC0,c++,game/MonsterDynamics,guess,21
0x00165AC0,0x001676C8,c++,game/MonsterInit,manual,8
0x001676C8,0x0016D208,c++,game/MonsterMc,manual,144
0x0016D208,0x0016D7C0,c++,game/MonsterMeters,manual,15
0x0016D7C0,0x0016E088,c++,game/MonsterTriggers,manual,11
0x0016E088,0x0016E158,c++,game/MonsterTweaks,guess,5
0x0016E158,0x00176DF0,c++,game/MovementStates,manual,95
0x00176DF0,0x00177680,c++,game/OgreMace,guess,4
0x00177680,0x00178D58,c++,game/PadFlags,guess,21
0x00178D58,0x0017AEF8,c++,game/PadFlags_2,guess,4
0x0017AEF8,0x0017CFD0,c++,game/PadFlags_3,guess,4
0x0017CFD0,0x0017ECC8,c++,game/PadFlags_4,guess,4
0x0017ECC8,0x0017F0B8,c++,game/PathNet,guess,5
0x0017F0B8,0x0017F3D0,c++,game/PathTool,guess,7
0x0017F3D0,0x001833C8,c++,game/Pickup,guess,78
0x001833C8,0x00186AA8,c++,game/PlantBoss,manual,27
0x00186AA8,0x00188100,c++,game/PowerUps,guess,29
0x00188100,0x00188300,c++,game/PowerUpTool,guess,7
0x00188300,0x00189030,c++,game/rt,guess,9
0x00189030,0x00189570,c++,game/reset,guess,5
0x00189570,0x0018A4B0,c++,game/RigidDebris,guess,15
0x0018A4B0,0x0018D378,c++,game/RigidPickup,guess,37
0x0018D378,0x0018DAE8,c++,game/sanfran,manual,8
0x0018DAE8,0x001A66B8,c++,game/screen,guess,55
0x001A66B8,0x001AC3E0,c++,game/Shell,guess,62
0x001AC3E0,0x001B0418,c++,game/ShellFinished,manual,24
0x001B0418,0x001B06D8,c++,game/ShellRtLoop,guess,4
0x001B06D8,0x001B1840,c++,game/ShockWave,guess,7
0x001B1840,0x001C17A8,c++,game/Sound,manual,268
0x001C17A8,0x001C4A38,c++,game/StreamingSoundManager,guess,44
0x001C4A38,0x001CE4A0,c++,game/SpecialStates,manual,148
0x001CE4A0,0x001CEA30,c++,game/SpecFxAnim,guess,14
0x001CEA30,0x001CEB78,c++,game/StartPoints,guess,6
0x001CEB78,0x001CEE10,c++,game/StartPointTool,guess,9
0x001CEE10,0x001CF450,c++,game/StickShaker,guess,7
0x001CF450,0x001CF900,c++,game/SubwayPickup,guess,8
0x001CF900,0x001D0420,c++,game/TankPickup,guess,16
0x001D0420,0x001D05C8,c++,game/TankVehicle,guess,2
0x001D05C8,0x001D1070,c++,game/TurretPickup,guess,12
0x001D1070,0x001D3248,c++,game/threemile,manual,29
0x001D3248,0x001D6598,c++,game/StateThrowBack,guess,38
0x001D6598,0x001D6AD8,c++,game/TokenManager,guess,9
0x001D6AD8,0x001D74D8,c++,game/tokyo,guess,12
0x001D74D8,0x001D7708,c++,game/ufo,guess,3
0x001D7708,0x001D8560,c++,game/UfoNav,guess,17
0x001D8560,0x001D93D8,c++,game/UfoPickup,guess,13
0x001D93D8,0x001DAF08,c++,game/ui,guess,16
0x001DAF08,0x001DD788,c++,game/uidev,manual,81
0x001DD788,0x001DDB28,c++,game/vegas,guess,3
0x001DDB28,0x001DE0B8,c++,game/Vehicle,guess,10
0x001DE0B8,0x001DFF10,c++,game/VehicleNavigator,guess,27
0x001DFF10,0x001E0688,c++,game/WaterGrid,guess,5
0x001E0688,0x001E5360,c++,game/Weapon,guess,28
0x001E5360,0x001E5488,c,gcc/libgcc2/do_global_dtors,mdebug,3
0x001E5488,0x001E5490,c,gcc/libgcc2/pure_virtual,mdebug,1
0x001E5490,0x001E6070,c,gcc/fp-bit,mdebug,15
0x001E6070,0x001E6120,c++,gcc/cp/new,mdebug,6
0x001E6120,0x001E6198,c++,gcc/cp/new2,mdebug,1
0x001E6198,0x001E6868,c++,gcc/cp/tinfo,mdebug,27
0x001E6868,0x001E77D8,c,gcc/libgcc2/default_terminate,mdebug,24
0x001E77D8,0x001E84D0,c,gcc/dp-bit,mdebug,15
0x001E84D0,0x001E8C28,c++,gcc/cp/exception,mdebug,25
0x001E8C28,0x001E9C58,c,gcc/frame,mdebug,18
0x001E9C58,0x001EA9D8,c++,gcc/cp/tinfo2,mdebug,41
0x001EA9D8,0x001EAA38,c,gcc/libgcc2/muldi3,mdebug,1
0x001EAA38,0x001ED788,c,lib989snd/snd,manual,132
0x001ED788,0x001EE0C8,c++,common/MotionBlurAA,guess,9
0x001EE0C8,0x001F2070,c++,common/animation,manual,72
0x001F2070,0x001F6180,c++,common/AnimCurve,manual,40
0x001F6180,0x001F6678,c++,common/AnimQueue,guess,8
0x001F6678,0x001F67C0,c++,common/bound,guess,3
0x001F67C0,0x001F6960,c++,common/chain,guess,3
0x001F6960,0x001F74D0,c++,common/SoundBank,manual,15
0x001F74D0,0x001F78C0,c++,common/CsPool,guess,7
0x001F78C0,0x001F8A58,c++,common/dbs,guess,5
0x001F8A58,0x001F9290,c++,common/disp,manual,15
0x001F9290,0x001FA228,c++,common/electric,guess,5
0x001FA228,0x001FBBD8,c++,common/file,guess,44
0x001FBBD8,0x001FC3D0,c++,common/fog,guess,16
0x001FC3D0,0x001FD650,c++,common/font,guess,30
0x001FD650,0x001FD7F8,c++,common/GsPkt,guess,4
0x001FD7F8,0x001FE980,c++,common/hd,guess,16
0x001FE980,0x001FEB30,c++,common/hdHat,manual,3
0x001FEB30,0x001FF5F8,c++,common/HdIterator,manual,13
0x001FF5F8,0x001FF7F0,c++,common/hdLos,manual,2
0x001FF7F0,0x00200970,c++,common/hdPoly,manual,5
0x00200970,0x002017B0,c++,common/hdPrim,manual,14
0x002017B0,0x00201D60,c++,common/hdSphere,manual,3
0x00201D60,0x00202910,c++,common/hdTraverse,manual,4
0x00202910,0x002052A0,c++,common/hier,guess,51
0x002052A0,0x00208A20,c++,common/texm,guess,30
0x00208A20,0x00209D88,c++,common/ps,guess,37
0x00209D88,0x00209EB8,c++,common/hieri,manual,3
0x00209EB8,0x0020A480,c++,common/hoser,guess,10
0x0020A480,0x0020AD60,c++,common/IncognitoEntertainmentGS,guess,11
0x0020AD60,0x0020C5D8,c++,common/input,guess,29
0x0020C5D8,0x0020C6C0,c++,common/light,guess,3
0x0020C6C0,0x0020F180,c++,common/mathf,guess,84
0x0020F180,0x0020F340,c++,common/vu,guess,6
0x0020F340,0x0020F440,c++,common/MemoryStack,manual,5
0x0020F440,0x00210090,c++,common/MpegMovie,manual,17
0x00210090,0x00210938,c++,common/movies,manual,10
0x00210938,0x00214B38,c++,common/partdraw,manual,39
0x00214B38,0x0021B9F0,c++,common/particle,guess,49
0x0021B9F0,0x0021C0D8,c++,common/peds,guess,5
0x0021C0D8,0x0021CBB0,c++,common/pkt,guess,10
0x0021CBB0,0x0021D3B8,c++,common/plight,guess,12
0x0021D3B8,0x0021DA28,c++,common/PointLight,guess,13
0x0021DA28,0x0021DCE8,c++,common/PointMass,guess,7
0x0021DCE8,0x0021E090,c++,common/PointToolKit,guess,15
0x0021E090,0x0021E3C0,c++,common/videocb,manual,3
0x0021E3C0,0x0021E4D0,c++,common/readbuf,manual,6
0x0021E4D0,0x0021EF08,c++,common/resetcom,guess,18
0x0021EF08,0x00220510,c++,common/RigidBody,guess,37
0x00220510,0x00221090,c++,common/ScreenPolys,guess,19
0x00221090,0x00221418,c++,common/ShiftJIS,guess,7
0x00221418,0x00221BB0,c++,common/smooth,guess,8
0x00221BB0,0x00221EF8,c++,common/str,guess,4
0x00221EF8,0x002223B0,c++,common/TaskManager,guess,11
0x002223B0,0x00222500,c++,common/td,guess,2
0x00222500,0x00223328,c++,common/tex,guess,20
0x00223328,0x00223858,c++,common/timer,guess,16
0x00223858,0x00225708,c++,common/tod,guess,25
0x00225708,0x00226370,c++,common/blit,guess,11
0x00226370,0x00227380,c++,common/vi,guess,18
0x00227380,0x00227BD8,c++,common/videodec,manual,23
0x00227BD8,0x00229A28,c++,common/view,guess,56
0x00229A28,0x00229C08,c++,common/vo,guess,9
0x00229C08,0x0022B7E0,c++,common/zip,guess,14
0x0022B7E0,0x0022BEE0,c++,common/audio,guess,13
0x0022BEE0,0x0022C348,c++,common/bsp,guess,7
0x0022C348,0x0022C488,c++,common/CsColor,guess,8
0x0022C488,0x0022C5E8,c++,common/ColGrid,manual,5
0x0022C5E8,0x0022C688,c++,common/ctx,guess,2
0x0022C688,0x0022CCD0,c++,common/DebugDraw,guess,12
0x0022CCD0,0x0022CFF8,c++,common/GenRand,guess,4
0x0022CFF8,0x0022D140,c++,common/ilnk,guess,4
0x0022D140,0x0022D3E8,c,newlib/libm/math/sf_atan,mdebug,1
0x0022D3E8,0x0022D4C0,c,newlib/libm/math/sf_ceil,mdebug,1
0x0022D4C0,0x0022D5A8,c,newlib/libm/math/sf_cos,mdebug,1
0x0022D5A8,0x0022D5C8,c,newlib/libm/math/sf_fabs,mdebug,1
0x0022D5C8,0x0022D6B8,c,newlib/libm/math/sf_sin,mdebug,1
0x0022D6B8,0x0022D740,c,newlib/libm/math/sf_tan,mdebug,1
0x0022D740,0x0022D840,c,newlib/libm/math/wf_acos,mdebug,1
0x0022D840,0x0022D940,c,newlib/libm/math/wf_asin,mdebug,1
0x0022D940,0x0022DA68,c,newlib/libm/math/wf_atan2,mdebug,1
0x0022DA68,0x0022DF70,c,newlib/libm/math/wf_pow,mdebug,1
0x0022DF70,0x0022E088,c,newlib/libm/math/wf_sqrt,mdebug,1
0x0022E088,0x0022E4B8,c,newlib/libm/math/ef_acos,mdebug,1
0x0022E4B8,0x0022E858,c,newlib/libm/math/ef_asin,mdebug,1
0x0022E858,0x0022EB40,c,newlib/libm/math/ef_atan2,mdebug,1
0x0022EB40,0x0022F3D0,c,newlib/libm/math/ef_pow,mdebug,1
0x0022F3D0,0x0022F7B0,c,newlib/libm/math/ef_rem_pio2,mdebug,1
0x0022F7B0,0x0022F8E8,c,newlib/libm/math/ef_sqrt,mdebug,1
0x0022F8E8,0x0022FA40,c,newlib/libm/math/kf_cos,mdebug,1
0x0022FA40,0x00230390,c,newlib/libm/math/kf_rem_pio2,mdebug,1
0x00230390,0x00230498,c,newlib/libm/math/kf_sin,mdebug,1
0x00230498,0x00230730,c,newlib/libm/math/kf_tan,mdebug,1
0x00230730,0x00230758,c,newlib/libm/common/s_matherr,mdebug,1
0x00230758,0x00230958,c,newlib/libm/common/s_rint,mdebug,1
0x00230958,0x00230980,c,newlib/libm/common/sf_finite,mdebug,1
0x00230980,0x00230A68,c,newlib/libm/math/sf_floor,mdebug,1
0x00230A68,0x00230A90,c,newlib/libm/math/sf_isnan,mdebug,1
0x00230A90,0x00230BF0,c,newlib/libm/common/sf_scalbn,mdebug,1
0x00230BF0,0x00230C20,c,newlib/libm/common/sf_copysign,mdebug,1
0x00230C20,0x00230D50,c,sce/libgraph/vu,mdebug,2
0x00230D50,0x00230EF0,c,sce/libgraph/graphdev,mdebug,2
0x00230EF0,0x00231160,c,sce/libgraph/graphdev_sceGsSetDefDispEnv,mdebug,1
0x00231160,0x00231348,c,sce/libgraph/graphdev_sceGsSetDefDrawEnv,mdebug,1
0x00231348,0x00231450,c,sce/libgraph/graphdev_sceGsSetDefClear,mdebug,1
0x00231450,0x002314E8,c,sce/libgraph/graphdev_sceGsSyncV,mdebug,1
0x002314E8,0x002316D0,c,sce/libgraph/graphdev_sceGsSetDefLoadImage,mdebug,1
0x002316D0,0x00231810,c,sce/libgraph/graphdev_sceGsSetDefStoreImage,mdebug,1
0x00231810,0x00231990,c,sce/libgraph/graphdev_sceGsExecLoadImage,mdebug,1
0x00231990,0x00232020,c,sce/libgraph/graphdev_sceGsExecStoreImage,mdebug,1
0x00232020,0x002320C0,c,sce/libgraph/graphdev_sceGsSyncVCallback,mdebug,1
0x002320C0,0x00232148,c,sce/libgraph/graphdev_sceGsSetHalfOffset,mdebug,1
0x00232148,0x00232328,c,sce/libgraph/graphdev_sceGsSetDefDrawEnv2,mdebug,1
0x00232328,0x002323B0,c,sce/libgraph/graphdev_sceGsSetHalfOffset2,mdebug,1
0x002323B0,0x00232478,c,sce/libgraph/graphdev_sceGszbufaddr,mdebug,1
0x00232478,0x00233820,c,sce/libpad/libpad,mdebug,30
0x00233820,0x00234FD8,c,sce/libmc/libmc,mdebug,26
0x00234FD8,0x00235DE0,c,sce/libmpeg/pack,mdebug,8
0x00235DE0,0x00236920,c,sce/libmpeg/mpeg,mdebug,35
0x00236920,0x00237400,c,sce/libmpeg/init,mdebug,19
0x00237400,0x00237420,c,sce/libmpeg/defhandler,mdebug,2
0x00237420,0x0023C038,c,sce/libmpeg/mpc,mdebug,64
0x0023C038,0x0023C7F8,c,sce/libmpeg/csc,mdebug,5
0x0023C7F8,0x0023CA08,c,sce/libmpeg/bit,mdebug,7
0x0023CA08,0x0023CD78,c,sce/libipu/libipu,mdebug,5
0x0023CD78,0x0023D018,c,sce/libipu/ipuinit,mdebug,2
0x0023D018,0x0023E330,c,sce/libcdvd/eecdvd,mdebug,21
0x0023E330,0x0023E360,c,sce/libcdvd/eecdvd_sceCdGetReadPos,mdebug,1
0x0023E360,0x0023E540,c,sce/libcdvd/eecdvd_sceCdRead,mdebug,1
0x0023E540,0x0023E5D8,c,sce/libcdvd/eecdvd_sceCdGetError,mdebug,1
0x0023E5D8,0x0023E690,c,sce/libcdvd/eecdvd_sceCdBreak,mdebug,1
0x0023E690,0x0023E788,c,sce/libcdvd/eecdvd_sceCdReadClock,mdebug,1
0x0023E788,0x0023EC68,c,sce/libcdvd/eecdvd_sceCdStInit,mdebug,10
0x0023EC68,0x0023EC88,c,newlib/libc/stdlib/abort,mdebug,1
0x0023EC88,0x0023ECB0,c,newlib/libc/stdlib/atoi,mdebug,1
0x0023ECB0,0x0023ECC0,c,newlib/libc/errno/errno,mdebug,1
0x0023ECC0,0x0023ED70,c,newlib/libc/stdlib/exit,mdebug,1
0x0023ED70,0x0023EDA8,c,newlib/libc/stdlib/malloc,mdebug,2
0x0023EDA8,0x0023F778,c,newlib/libc/stdlib/mallocr,mdebug,2
0x0023F778,0x0023F828,asm,newlib/libc/machine/r5900/memcpy,mdebug,1
0x0023F828,0x0023F8E8,asm,newlib/libc/machine/r5900/memset,mdebug,1
0x0023F8E8,0x0023F8F8,c,newlib/libc/stdlib/mlock,mdebug,2
0x0023F8F8,0x0023F988,c,newlib/libc/stdio/printf,mdebug,2
0x0023F988,0x0023F9C8,c,newlib/libc/stdlib/rand,mdebug,2
0x0023F9C8,0x0023FA28,c,newlib/libc/reent/sbrkr,mdebug,1
0x0023FA28,0x0023FD78,c,newlib/libc/signal/signal,mdebug,8
0x0023FD78,0x0023FDF8,c,newlib/libc/reent/signalr,mdebug,2
0x0023FDF8,0x0023FED0,c,newlib/libc/stdio/sprintf,mdebug,2
0x0023FED0,0x0023FFFC,asm,newlib/libc/machine/r5900/strcat,mdebug,1
0x0023FFFC,0x0024018C,asm,newlib/libc/machine/r5900/strchr,mdebug,1
0x0024018C,0x002402D0,asm,newlib/libc/machine/r5900/strcmp,mdebug,1
0x002402D0,0x002403E4,asm,newlib/libc/machine/r5900/strcpy,mdebug,1
0x002403E4,0x00240520,asm,newlib/libc/machine/r5900/strlen,mdebug,1
0x00240520,0x002406D0,asm,newlib/libc/machine/r5900/strncat,mdebug,1
0x002406D0,0x00240888,asm,newlib/libc/machine/r5900/strncmp,mdebug,1
0x00240888,0x00240A48,asm,newlib/libc/machine/r5900/strncpy,mdebug,1
0x00240A48,0x00240AB0,c,newlib/libc/string/strpbrk,mdebug,1
0x00240AB0,0x00240D20,c,newlib/libc/stdlib/strtol,mdebug,2
0x00240D20,0x00242640,c,newlib/libc/stdio/vfprintf,mdebug,6
0x00242640,0x00242750,c,newlib/libc/stdio/wsetup,mdebug,1
0x00242750,0x00243B38,c,newlib/libc/stdlib/dtoa,mdebug,2
0x00243B38,0x00243C40,c,newlib/libc/stdio/fflush,mdebug,1
0x00243C40,0x00243E98,c,newlib/libc/stdio/findfp,mdebug,6
0x00243E98,0x00244328,c,newlib/libc/stdlib/mallocr_2,mdebug,2
0x00244328,0x00244700,c,newlib/libc/stdio/fvwrite,mdebug,1
0x00244700,0x00244798,c,newlib/libc/stdio/fwalk,mdebug,1
0x00244798,0x00244888,c,newlib/libc/locale/locale,mdebug,4
0x00244888,0x002449D8,c,newlib/libc/stdio/makebuf,mdebug,1
0x002449D8,0x00244A14,c,newlib/libc/stdlib/mbtowc_r,mdebug,1
0x00244A14,0x00244AF4,asm,newlib/libc/machine/r5900/memchr,mdebug,1
0x00244AF4,0x00244BF8,asm,newlib/libc/machine/r5900/memmove,mdebug,1
0x00244BF8,0x00245C18,c,newlib/libc/stdlib/mprec,mdebug,17
0x00245C18,0x00245C60,c,newlib/libm/math/s_isinf,mdebug,1
0x00245C60,0x00245C98,c,newlib/libm/math/s_isnan,mdebug,1
0x00245C98,0x00245E08,c,newlib/libc/stdio/stdio,mdebug,4
0x00245E08,0x00245E68,c,newlib/libc/reent/writer,mdebug,1
0x00245E68,0x00245F28,c,newlib/libc/stdlib/mallocr_3,mdebug,1
0x00245F28,0x00245F80,c,newlib/libc/reent/closer,mdebug,1
0x00245F80,0x00245FE0,c,newlib/libc/reent/fstatr,mdebug,1
0x00245FE0,0x00246040,c,newlib/libc/reent/lseekr,mdebug,1
0x00246040,0x002460C0,c,newlib/libc/reent/readr,mdebug,1
0x002460C0,0x00246960,asm,sce/libkernl/klib,mdebug,138
0x00246960,0x00246C98,c,sce/libkernl/glue,mdebug,16
0x00246C98,0x00246F18,c,sce/libkernl/cache,mdebug,6
0x00246F18,0x00247278,c,sce/libkernl/intr,mdebug,13
0x00247278,0x002475D8,c,sce/libkernl/thread,mdebug,5
0x002475D8,0x00247AF8,c,sce/libkernl/tty,mdebug,7
0x00247AF8,0x00248470,c,sce/libkernl/kprintf,mdebug,8
0x00248470,0x00248BB8,c,sce/libkernl/sifcmd,mdebug,16
0x00248BB8,0x00249B18,c,sce/libkernl/sifrpc,mdebug,22
0x00249B18,0x0024D1B0,c,sce/libkernl/filestub,mdebug,40
0x0024D1B0,0x0024D4B0,c,sce/libkernl/iopheap,mdebug,6
0x0024D4B0,0x0024E210,c,sce/libkernl/eeloadfile,mdebug,18
0x0024E210,0x0024E4C0,c,sce/libkernl/iopreset,mdebug,4
0x0024E4C0,0x0024E520,c,sce/libkernl/diei,mdebug,2
0x0024E520,0x0024E660,c,sce/libkernl/initsys,mdebug,7
0x0024E660,0x0024E7E0,c,sce/libkernl/libosd,mdebug,6
0x0024E7E0,0x0024E8F0,c,sce/libkernl/exit,mdebug,5
0x0024E8F0,0x0024EAD0,c,sce/libkernl/deci2,mdebug,10
0x0024EAD0,0x0024F000,c,sce/libkernl/tlbfunc,mdebug,19
0x0024F000,0x0024F360,asm,sce/libkernl/tlbtrap,mdebug,3
0x0024F360,0x0024FA50,c,gcc/libgcc2/divdi3,mdebug,1
0x0024FA50,0x0024FA90,c,gcc/libgcc2/fixsfdi,mdebug,1
0x0024FA90,0x0024FB80,c,gcc/libgcc2/fixunsdfdi,mdebug,1
0x0024FB80,0x0024FC78,c,gcc/libgcc2/fixunssfdi,mdebug,1
0x0024FC78,0x0024FD10,c,gcc/libgcc2/floatdidf,mdebug,1
0x0024FD10,0x0024FDF0,c,gcc/libgcc2/floatdisf,mdebug,1
0x0024FDF0,0x00250458,c,gcc/libgcc2/moddi3,mdebug,1
0x00250458,0x00250A28,c,gcc/libgcc2/udivdi3,mdebug,1
0x00250A28,0x00250F68,c,gcc/libgcc2/umoddi3,mdebug,1
0x00250F68,0x00251020,asm,newlib/libc/machine/r5900/memcmp,mdebug,3
